domain,nodeID,nodeLang,nodeText,nodeTime,nodeUserID,parentID,parentUserID,url,nodeDate
childrenshealthdefense.org,28098,39,14559,27807,15866,13846,8107,473,190
vaers.hhs.gov,8803,37,7091,8796,5688,7227,5441,136,212
openvaers.com,5214,28,2474,5203,3755,2363,1844,139,184
wonder.cdc.gov,4834,26,2063,4816,3818,2014,1601,263,210
bit.ly,4354,14,291,4296,3729,275,200,112,107
thegatewaypundit.com,3200,24,1240,3181,2766,1153,936,72,48
medalerts.org,2162,25,1269,2162,1553,1203,869,344,200
cdc.gov,1820,29,1427,1820,1477,1407,1198,162,202
dailyexpose.co.uk,1493,16,1110,1488,853,1070,865,73,62
thecovidblog.com,1318,15,246,1313,1205,232,194,54,57
rumble.com,1179,19,617,1179,880,572,461,145,103
reuters.com,1174,26,1137,1174,953,1114,961,40,147
earthreview.net,1160,1,511,1159,780,455,218,36,112
youtube.com,1088,22,795,1088,744,793,604,338,172
bitchute.com,846,19,770,844,378,727,474,231,123
site-index.net,823,1,11,819,708,4,1,2,63
syrianews.cc,704,6,672,704,82,661,320,10,118
brandnewtube.com,676,10,353,675,506,329,222,99,111
odysee.com,575,9,467,575,261,434,307,123,107
vaccineimpact.com,547,13,401,547,286,402,322,30,71
jsidog.kenkyuukai.jp,536,1,2,533,536,1,1,1,6
eldiestro.es,524,3,203,524,432,193,157,11,26
note.com,516,1,173,516,344,222,119,24,68
blog.livedoor.jp,406,1,39,406,375,30,17,16,31
prezi.com,398,3,393,398,24,395,297,17,29
google.com,394,18,384,394,322,377,334,87,119
greenmedinfo.com,365,8,88,364,344,88,78,24,19
m.thebl.tv,363,6,62,362,350,55,46,9,27
cienciaysaludnatural.com,353,2,332,353,17,349,293,8,23
nebraskamed.com,332,14,325,332,252,330,294,2,68
adrreports.eu,329,16,112,329,313,109,100,49,83
brighteon.com,308,10,98,308,295,89,75,24,37
chute.rocks,300,7,278,300,189,259,165,157,91
m.youtube.com,286,6,46,286,270,43,35,32,42
gov.uk,284,16,282,284,145,250,182,30,123
fullfact.org,275,10,219,275,230,215,165,6,94
nejm.org,272,7,57,272,258,56,50,10,39
humansarefree.com,263,10,214,263,156,208,149,28,58
jneurology.com,251,1,2,251,250,2,2,1,10
factcheck.org,248,11,244,248,191,240,202,17,93
activenews.ro,232,11,217,232,94,215,168,31,52
vaers.com,231,7,217,231,169,213,193,12,112
unite4truth.com,227,5,154,227,78,168,114,21,53
bonafidr.com,224,1,67,224,201,62,49,9,39
archive.org,217,8,208,217,79,205,163,45,57
revolver.news,208,4,127,207,155,116,94,7,18
drive.google.com,187,10,167,187,166,153,142,57,55
reitschuster.de,185,6,145,185,132,138,112,5,15
mcgill.ca,184,9,173,184,121,174,150,6,37
t.me,183,17,121,183,173,105,95,86,65
thelastamericanvagabond.com,182,7,101,182,137,102,76,10,40
indeep.jp,182,2,111,182,170,99,92,6,28
digital.ahrq.gov,181,11,179,181,123,174,146,12,102
public.tableau.com,181,1,48,180,140,39,33,6,15
usatoday.com,169,13,158,169,139,155,144,11,43
dropbox.com,161,9,113,161,107,106,80,29,41
thetruedefender.com,160,9,120,160,122,113,94,12,25
thelibertyloft.com,158,3,104,158,113,101,85,13,15
theburningplatform.com,157,8,153,157,108,149,140,11,50
icandecide.org,152,8,122,152,89,121,111,10,57
thearkivist.net,150,5,25,149,135,23,18,6,38
fb.watch,145,5,35,143,128,36,31,14,20
rightsfreedoms.wordpress.com,143,8,134,143,94,132,124,7,44
politifact.com,137,13,136,137,130,137,119,14,62
thefreethoughtproject.com,137,4,39,137,126,40,31,8,24
thevaccinereaction.org,136,12,129,136,118,125,114,10,71
parstoday.com,132,2,28,131,121,24,22,5,24
pubmed.ncbi.nlm.nih.gov,126,8,94,126,85,91,68,30,55
lifesitenews.com,124,11,113,124,81,110,96,46,56
fda.gov,119,8,91,119,106,91,86,45,68
trialsitenews.com,119,7,92,119,96,88,80,15,35
cnn.com,117,5,72,117,50,105,48,7,27
toba60.com,116,2,7,116,114,6,5,1,4
medicalkidnap.com,113,5,93,113,75,92,76,24,45
tierrapura.org,109,3,94,109,86,93,76,11,19
ncbi.nlm.nih.gov,105,8,73,105,83,75,63,24,61
pscp.tv,105,2,16,105,99,14,8,14,16
ameblo.jp,104,2,80,104,73,66,47,46,45
greatgameindia.com,104,8,65,104,82,66,47,13,26
z3news.com,102,5,97,102,74,98,89,12,37
welovetrump.com,100,4,55,100,92,45,40,12,13
default.salsalabs.org,100,3,83,100,54,84,60,49,41
globalresearch.ca,99,11,74,99,73,80,61,33,37
circleofmamas.com,98,6,87,98,49,83,64,11,33
mobile.twitter.com,95,8,88,95,49,69,45,63,50
beforeitsnews.com,95,4,89,95,23,90,49,23,41
americasfrontlinedoctors.org,95,7,80,95,73,73,70,14,24
semaine.la,94,1,2,94,94,1,1,1,5
vaxopedia.org,94,9,84,94,67,88,72,10,49
gnews.org,93,6,62,93,72,48,34,22,29
thebl.tv,90,3,25,90,85,22,19,8,17
vice.com,89,8,88,89,51,87,71,2,49
nomasmentiras.uy,88,2,79,88,29,79,31,6,13
benzaiten.dyndns.org,87,1,10,86,80,7,7,1,11
techstartups.com,87,5,64,87,39,69,52,3,23
covid.cdc.gov,86,5,15,86,85,15,13,8,16
sciencebasedmedicine.org,86,6,80,86,52,84,61,7,59
zerohedge.com,86,9,82,86,60,82,74,9,13
waarheid.tv,83,3,78,83,25,77,63,7,16
vaers.gov,83,3,83,83,67,83,75,8,57
coronavirus-yellowcard.mhra.gov.uk,82,4,79,82,37,78,67,6,50
instagram.com,82,9,79,81,62,76,59,67,49
fakemedia.info,82,1,81,82,81,82,81,4,10
jameslyonsweiler.com,81,7,38,81,74,36,36,8,15
trikooba.com,78,7,71,78,61,66,55,22,35
apnews.com,78,5,76,78,50,78,63,10,45
threadreaderapp.com,77,8,77,77,27,77,62,42,41
cutt.ly,75,3,75,75,3,74,70,4,5
healthfeedback.org,73,7,70,73,57,72,60,14,45
support.twitter.com,73,8,17,73,17,72,55,1,63
npr.org,72,8,48,72,70,47,44,12,29
statnews.com,71,3,9,71,71,7,7,5,8
sciencemag.org,71,7,59,71,64,57,54,8,38
philosophers-stone.info,70,6,38,70,60,32,25,9,16
thejournal.ie,69,11,60,69,67,60,58,3,24
fbanews.org,68,2,61,68,30,59,58,2,13
mhlw.go.jp,68,1,56,68,33,56,21,17,23
plaza.rakuten.co.jp,67,1,25,67,61,21,17,13,17
facebook.com,66,11,66,66,54,64,57,58,51
swprs.org,66,9,55,66,43,53,48,8,20
health-infobase.canada.ca,63,2,55,63,32,55,41,7,31
noqreport.com,62,4,55,62,57,52,49,14,22
tinyurl.com,61,4,53,61,37,52,42,42,40
francemediasnumerique.com,60,4,48,60,53,46,44,9,16
frontnieuws.com,58,4,56,58,43,52,46,9,12
theepochtimes.com,56,5,42,56,51,39,37,26,27
thetruereporter.com,56,4,23,56,55,20,20,2,6
marktaliano.net,56,2,42,56,27,41,27,10,17
yellowcard.ukcolumn.org,56,2,52,56,43,51,48,5,34
principia-scientific.com,55,6,54,55,38,48,39,17,28
vaxpain.us,54,3,52,54,29,52,40,4,37
deplatformdisease.com,54,4,54,54,12,54,45,5,38
greatmountainpublishing.com,53,5,53,53,42,53,47,4,32
databaseitalia.it,53,3,48,53,43,46,40,7,12
forbes.com,53,6,53,53,51,53,50,28,35
slaveplanet.net,51,2,45,51,13,45,28,1,12
fromthetrenchesworldreport.com,51,2,47,51,35,45,39,3,9
indianexpress.com,50,1,4,50,50,3,3,3,8
assets.publishing.service.gov.uk,50,7,48,50,40,46,41,34,38
informedchoicewa.org,48,2,45,48,22,41,34,5,15
share.icloud.com,47,1,2,47,47,1,1,1,2
gab.com,47,5,43,47,36,38,28,34,29
yellowcard.mhra.gov.uk,47,3,27,47,46,26,25,7,24
docs.google.com,46,4,45,46,27,45,36,14,29
abcnews.go.com,46,3,43,46,33,44,36,8,30
usawatchdog.com,45,1,29,45,33,23,18,5,5
vaccineinjurynews.com,45,3,16,45,45,13,13,5,3
thehighwire.com,45,1,42,45,25,41,39,11,22
lewrockwell.com,45,5,42,45,39,36,32,14,20
victimasdelospoliticos.org,43,2,39,43,18,42,36,1,14
truthcomestolight.com,43,2,42,43,8,43,32,5,9
m.facebook.com,43,8,35,43,37,33,30,29,27
hive.blog,43,4,40,43,21,42,30,1,15
researchgate.net,43,10,43,43,38,42,40,9,23
everlyreport.com,43,3,28,43,33,25,21,6,12
truthsnitch.com,42,5,41,42,29,40,35,6,32
cdn.fbsbx.com,42,2,20,42,34,18,13,7,9
madridmarket.es,41,2,38,41,33,36,34,4,4
christianitydaily.com,41,3,28,41,34,27,26,1,9
nakim.org,40,5,14,40,36,11,9,5,17
scribd.com,40,6,36,40,29,34,31,7,26
nojabforme.info,40,2,38,40,13,38,35,4,12
thebl.com,40,5,33,40,33,34,31,5,14
espanol.cdc.gov,40,3,27,40,39,27,24,7,20
rokfin.com,39,2,39,39,22,36,20,26,20
hugotalks.com,39,3,24,39,28,23,19,2,8
preciouslife.com,39,1,2,39,39,1,1,1,3
en.wikipedia.org,39,9,16,39,39,15,15,10,17
nvic.org,38,10,38,38,24,38,31,11,31
aubedigitale.com,38,2,21,38,34,16,14,4,5
newtral.es,37,2,36,37,29,35,28,6,23
bmj.com,37,5,37,37,37,36,32,21,30
kcra.com,36,4,36,36,29,36,27,4,21
foxnews.com,36,7,34,36,25,34,29,13,22
news.yahoo.co.jp,36,1,23,36,35,21,19,17,21
vigiaccess.org,35,8,21,35,33,19,17,5,20
firstdraftnews.org,35,7,34,35,29,33,30,2,9
uncutnews.ch,34,5,29,34,29,25,21,14,16
mirastnews.net,34,2,34,34,19,34,23,17,19
dannyboylimerick.wordpress.com,34,2,27,34,23,25,16,2,9
vaxxtracker.com,34,5,32,34,14,32,27,4,13
archive.ph,33,4,9,33,32,9,7,6,7
vaers.org,33,4,33,33,24,32,31,6,30
shanti-phula.net,33,1,21,33,31,19,17,1,3
sonsoflibertymedia.com,32,2,18,32,27,17,15,6,11
thedailybeast.com,31,2,4,31,31,3,3,3,4
lbry.tv,31,5,26,31,24,23,19,21,22
poynter.org,31,3,31,31,27,30,26,1,14
m.thebl.com,31,3,22,31,13,28,19,4,8
reseauinternational.net,30,2,23,30,8,30,20,2,4
edcdeveloper.wordpress.com,30,2,5,30,29,3,3,3,5
eu.usatoday.com,30,8,30,30,25,30,27,5,24
blog.goo.ne.jp,30,1,19,30,26,15,12,13,13
clinicaltrials.gov,29,7,29,29,21,29,29,14,22
cnbsnews.live,29,3,26,29,24,26,23,1,11
nakedcapitalism.com,29,2,29,29,16,29,28,1,12
redvoicemedia.com,29,3,24,29,25,22,17,11,13
wbrc.com,29,6,27,29,23,27,17,3,12
21stcenturywire.com,29,4,28,29,26,27,26,4,7
wtsp.com,28,3,25,28,22,27,21,4,10
wnd.com,28,5,27,28,7,28,22,4,13
reddit.com,28,3,17,28,26,15,12,13,15
hpv-vaccine-side-effects.com,28,6,23,28,26,23,20,6,14
jamanetwork.com,28,7,28,28,25,27,24,13,24
theconservativetreehouse.com,27,4,25,27,23,24,23,4,6
go.shr.lc,27,1,5,27,26,4,3,2,5
web.archive.org,27,6,25,27,22,24,19,14,21
theduran.com,27,4,26,27,24,22,21,3,9
nytimes.com,27,7,27,27,24,27,25,17,22
finansavisen.no,26,3,26,26,8,26,8,26,23
img1.wsimg.com,26,3,18,26,22,17,16,2,8
newsbreakapp.com,25,2,24,25,13,24,23,9,6
dimpenews.com,25,2,21,24,15,16,10,4,8
vk.com,25,3,16,25,18,15,8,12,11
wakingtimes.com,25,4,25,25,16,22,16,14,11
drrobertyoung.com,24,4,18,24,21,19,17,4,11
is.gd,24,3,5,24,24,5,4,4,6
lnkd.in,24,3,24,24,12,23,14,19,18
truth11.com,24,3,22,24,18,21,16,11,18
gettr.com,24,3,24,24,20,21,19,12,9
roundingtheearth.substack.com,23,3,22,23,19,21,21,2,4
world365.info,23,4,10,23,21,9,8,1,5
needtoknow.news,23,2,22,23,14,22,18,4,11
ift.tt,23,5,23,23,13,23,13,20,20
visiontimesjp.com,23,1,8,23,23,6,6,3,3
algora.com,23,3,18,23,23,18,17,4,11
dissident.one,23,2,19,23,17,16,15,4,8
dap.ema.europa.eu,23,9,20,23,19,20,16,5,15
newsweek.com,23,4,21,23,19,20,20,8,15
alertadigital.com,23,2,22,23,15,20,17,5,9
m.beforeitsnews.com,23,3,22,23,9,18,8,9,14
respectfulinsolence.com,22,5,22,22,16,22,19,5,19
lareb.nl,22,4,21,22,15,21,19,9,18
covid-101.org,22,3,20,22,17,22,15,2,16
dlvr.it,22,8,21,22,16,20,14,20,17
vm.tiktok.com,21,5,20,21,19,18,17,18,14
rt.com,21,2,6,21,21,5,4,4,5
snopes.com,21,5,21,21,19,21,17,4,16
bonfire.com,21,3,16,21,8,16,12,2,7
ghionjournal.com,21,3,21,21,11,20,13,5,7
thewashingtonstandard.com,21,3,20,21,15,19,16,8,14
virginiastoner.com,21,4,16,21,21,13,12,3,7
documentcloud.adobe.com,21,3,13,21,19,12,10,11,14
uspharmacist.com,20,1,20,20,1,20,10,1,4
nature.com,20,5,19,20,17,18,15,12,15
ow.ly,20,3,16,20,10,19,14,8,14
stuartbramhall.wordpress.com,20,5,20,20,20,20,19,6,18
businessbourse.com,20,2,13,20,16,10,8,5,5
fearunmasked.com,20,2,20,20,1,20,19,1,3
ansm.sante.fr,20,2,14,20,19,14,12,10,15
wwe.vaers.hhs.gov,20,1,3,20,20,2,2,1,1
biorxiv.org,20,1,20,20,4,20,17,5,12
undercurrents723949620.wordpress.com,20,2,20,20,5,20,17,2,14
docdroid.net,19,3,14,19,14,12,12,5,9
linkedin.com,19,5,11,19,18,11,9,5,9
google.ca,19,2,17,19,17,17,17,10,15
independentside.com,19,2,19,19,2,17,17,1,3
dailymail.co.uk,19,5,19,19,19,19,19,17,16
alethonews.com,19,2,6,18,16,6,6,2,7
triklopodia.gr,18,2,13,18,13,11,8,7,6
vaers.gov.com,18,2,17,18,4,18,12,4,9
precisionvaccinations.com,18,4,18,18,16,18,17,10,9
vaccineguide.sfo2.digitaloceanspaces.com,18,4,18,18,8,18,15,9,10
edition.cnn.com,18,7,18,18,16,18,16,4,10
contrafatos.com.br,18,3,18,18,13,18,15,3,9
takahata521.livedoor.blog,18,1,6,18,18,4,4,2,6
bles.com,18,5,12,18,17,12,12,6,10
the-daily-madness.com,18,3,14,18,13,11,10,1,3
timesofindia.indiatimes.com,18,2,7,18,16,6,5,6,8
sageofquayblog.blogspot.com,17,1,17,17,3,13,1,13,13
google.co.uk,17,3,17,17,14,17,15,11,15
artsenvoorvrijheid.be,17,2,17,17,13,16,14,7,10
ourworldindata.org,17,3,9,17,15,8,5,3,8
wusa9.com,17,3,17,17,16,16,14,4,9
tennesseepatriot.com,17,2,16,17,3,16,13,1,9
faktencheck.afp.com,17,2,10,17,13,10,9,2,3
renz-law.com,16,3,16,16,15,15,14,2,9
healthleadersmedia.com,16,5,16,16,12,16,15,2,13
afinalwarning.com,16,3,12,16,16,11,10,6,10
mediafire.com,16,3,15,16,9,13,10,2,4
canada.ca,16,2,13,16,16,13,11,11,13
b3d2650e-e929-4448-a527-4eeb59304c7f.filesusr.com,16,1,16,16,9,16,13,2,12
brandhaard.com,16,1,16,16,1,15,11,2,2
survivaldan101.com,16,2,16,16,13,15,12,1,7
swfinstitute.org,16,5,16,16,15,15,15,2,14
vaersanalysis.byethost3.com,16,2,15,16,8,13,8,9,8
tribunanacional.com.br,15,2,15,15,11,15,12,9,6
covid19vaccinefacts.net,15,1,15,15,4,15,14,7,11
thetruthaboutvaccines.com,15,3,15,15,13,15,14,5,6
c19vaxreactions.com,15,1,15,15,13,14,14,8,12
l.facebook.com,15,3,14,15,14,13,11,10,12
sott.net,15,4,15,15,14,15,13,4,7
a.msn.com,15,3,14,15,9,12,6,12,8
wmal.com,15,2,15,15,13,15,14,1,13
climatecontrarian.com,15,2,14,15,4,13,10,2,8
wset.com,15,3,4,15,15,3,3,1,3
visiontimes.com,15,4,12,15,15,11,11,3,9
en.m.wikipedia.org,15,3,15,15,12,14,14,7,11
ema.europa.eu,14,6,14,14,14,14,14,10,13
myvalleynews.com,14,3,14,14,13,14,14,1,8
villagenews.com,14,5,14,14,11,14,11,3,9
echelledejacob.blogspot.com,14,2,11,14,14,11,11,5,5
fr.sott.net,14,2,13,14,14,11,11,5,7
washingtonpost.com,14,4,14,14,14,14,14,10,12
hotpagenews.com,14,1,13,14,1,14,13,1,7
stateofthenation.co,14,3,11,14,13,10,9,9,9
thepalmierireport.com,14,1,12,14,13,10,10,2,4
childrenshealthdefense.salsalabs.org,14,4,14,14,14,13,13,12,11
msn.com,13,2,13,13,13,13,13,13,13
newstarget.com,13,3,9,13,8,8,6,4,11
covidvaccinereactions.com,13,4,13,13,12,13,13,6,12
fiverr.com,13,1,13,13,5,13,5,11,2
freedomforhumanity2016.wordpress.com,13,2,13,13,5,13,12,3,7
technocracy.news,13,6,12,13,12,13,11,4,9
wsj.com,13,5,13,13,13,13,13,7,8
mediamatters.org,13,2,13,13,12,13,12,5,7
buff.ly,13,5,13,13,11,12,10,12,12
cnbc.com,13,2,13,13,9,13,13,8,9
skepticalinquirer.org,13,3,13,13,11,13,11,1,11
ejercitoremanente.com,13,3,13,13,11,12,11,5,8
thelancet.com,13,4,13,13,12,13,13,6,10
h.gov.il,13,1,1,13,13,1,1,1,3
pfizer.com,13,3,13,13,12,13,11,8,11
nypost.com,13,2,13,13,10,13,13,9,10
thedavidknightshow.podbean.com,13,1,1,13,13,1,1,1,2
timtruth.com,13,1,6,13,10,5,5,1,2
leadstories.com,12,4,12,12,10,12,9,5,9
igaku-shoin.co.jp,12,1,2,12,12,1,1,1,2
reut.rs,12,2,11,12,11,11,10,4,10
restoringtrials.org,12,1,12,12,1,12,6,2,9
oom2.com,12,5,12,12,8,12,12,4,7
jordanthrilla.com,12,2,11,12,9,12,11,1,6
wffjtv.com,12,1,3,12,12,3,2,1,5
clarion.causeaction.com,12,2,4,12,11,4,4,4,3
omny.fm,12,1,12,12,5,12,12,2,4
belfasteye.com,12,1,3,12,11,3,3,1,2
somebitchtoldme.com,12,2,8,12,8,8,7,1,7
hrsa.gov,12,1,12,12,11,12,11,6,11
nikkan-gendai.com,12,1,3,12,12,2,1,1,2
vaccineeffects.org,12,1,3,12,11,2,1,2,2
leohohmann.com,12,3,11,12,12,11,10,4,10
wonderful-ww.jugem.jp,12,1,10,12,8,7,5,4,7
newtube.app,12,1,5,12,10,4,4,2,6
medpagetoday.com,12,3,11,12,12,11,10,9,8
deepstatewatchdawgs.politics.blog,12,2,12,12,1,12,1,12,7
harvardpolitics.com,11,4,11,11,11,11,8,1,9
ussanews.com,11,2,8,11,10,7,6,6,7
healthchoicemaryland.org,11,3,11,11,10,11,10,3,3
ia601405.us.archive.org,11,2,3,11,11,3,2,1,3
zougla.gr,11,2,10,11,9,9,8,7,6
news.trust.org,11,1,10,11,2,11,10,1,2
conta.cc,11,2,10,11,5,9,3,2,4
deconstructingconventional.com,11,1,11,11,11,11,9,1,8
aitia.fr,11,1,11,11,5,11,10,1,6
wtvy.com,11,2,8,11,10,9,6,1,9
standforhealthfreedom.com,11,1,3,11,11,3,2,2,5
sanchakblog.wordpress.com,11,1,6,11,6,6,3,1,6
nationalfile.com,11,5,11,11,11,11,11,4,8
sharylattkisson.com,11,2,11,11,6,11,10,3,7
mentealternativa.com,11,2,7,11,9,7,7,3,3
momswhovax.blogspot.com,11,4,11,11,9,11,11,4,11
fos-sa.org,11,2,11,11,5,11,8,3,7
aukema.org,11,1,3,11,11,2,1,1,4
local12.com,11,2,11,11,10,11,11,2,6
miglioverde.eu,11,2,11,11,4,11,10,1,4
truthbasedmedia.com,10,2,8,10,4,10,6,1,6
nexusnewsfeed.com,10,2,7,10,9,6,5,4,3
skepticalraptor.com,10,3,10,10,10,9,8,6,9
childrenshealthdefense.eu,10,3,7,10,9,6,6,3,6
ninefornews.nl,10,1,10,10,9,9,9,9,9
red.cienciaysaludnatural.com,10,1,10,10,4,10,4,4,8
nbcnews.com,10,1,10,10,9,10,9,6,10
infowars.com,10,5,10,10,9,10,10,9,10
amgreatness.com,10,3,10,10,8,10,9,4,5
sonaeru-san.com,10,1,3,10,10,2,2,2,2
vaers.data,10,1,3,10,9,2,2,1,1
vaers.hhv.gov,10,1,4,10,10,4,4,2,5
ia801408.us.archive.org,10,3,10,10,3,9,5,1,2
lagotacatalana.files.wordpress.com,10,1,2,10,10,2,1,1,3
sciencedirect.com,10,4,10,10,10,10,9,10,10
files.catbox.moe,10,2,4,10,9,4,3,2,4
academic.oup.com,10,1,10,10,9,10,10,6,10
open.lbry.com,10,3,10,10,9,10,9,10,10
koronarealistit.com,10,3,10,10,6,10,9,1,9
translate.google.com,10,7,10,10,8,10,9,8,9
military.com,10,1,6,10,10,6,5,2,6
evz.ro,10,1,3,10,10,3,2,1,2
mobile.reuters.com,10,2,10,10,10,10,10,4,9
tlcsenate.granicus.com,10,2,10,10,5,10,9,3,5
pediatrics.aappublications.org,9,2,3,9,9,3,3,3,3
peoplealwayswin.com,9,2,6,9,8,3,3,1,2
hhs.gov,9,2,9,9,7,9,9,3,9
chemtrailplanet.com,9,2,7,9,5,7,5,1,5
digitalwarriorproductions.com,9,1,9,9,7,8,8,1,6
dcclothesline.com,9,3,9,9,8,8,8,3,6
amp.cnn.com,9,3,9,9,9,9,9,2,4
off-guardian.org,9,2,9,9,3,9,9,3,8
changingtimes.media,9,1,9,9,2,9,4,1,7
geenvijslos.be,9,3,8,9,4,8,8,1,3
wfaa.com,9,2,9,9,5,9,8,2,2
theguardian.com,9,4,9,9,9,9,9,8,9
coercioncode.com,9,2,5,9,8,5,4,3,4
thegrumpyowl.co.uk,9,1,5,9,8,5,3,1,3
cairnsnews.org,9,1,4,9,8,4,3,1,3
ahajournals.org,9,2,6,9,9,6,4,2,4
republicbroadcasting.org,9,2,9,9,3,9,9,3,3
ukcolumn.org,9,2,9,9,9,9,8,8,8
godhatesvax.com,9,1,8,9,1,8,6,3,2
buzzfeed.com,9,1,7,9,9,5,5,5,6
bretigne.typepad.com,9,2,7,9,7,7,5,2,3
tkp.at,9,4,7,9,9,7,6,5,7
theautomaticearth.com,9,1,7,9,4,5,1,5,6
bityl.co,9,2,9,9,1,9,9,9,9
bestnewshere.com,9,3,9,9,9,6,6,2,3
video.foxnews.com,9,3,9,9,9,9,9,3,5
nouvelordremondial.cc,9,2,7,9,8,5,4,2,2
www-openvaers-com.translate.goog,8,1,8,8,4,8,8,2,4
daniel-debunkt.nl,8,2,8,8,6,8,8,2,7
kdvr.com,8,1,7,8,7,6,5,1,6
2nn.jp,8,1,8,8,2,8,2,4,1
vernoncoleman.org,8,3,8,8,7,8,7,3,6
leblogalupus.com,8,1,8,8,7,7,6,1,3
who.int,8,3,8,8,8,8,8,8,8
medrxiv.org,8,4,8,8,7,8,8,7,7
omn.kr,8,1,3,8,8,2,2,1,2
medisolve.org,8,2,8,8,7,8,7,3,7
madisonarealymesupportgroup.com,8,3,8,8,7,8,8,3,6
vimeo.com,8,2,8,8,6,8,8,4,6
everydayconcerned.net,8,2,8,8,3,8,6,2,3
dakowski.pl,8,1,6,8,5,5,4,4,4
disq.us,8,3,8,8,8,8,8,8,8
antiscientism.livejournal.com,8,1,4,8,8,3,3,1,2
business.nikkei.com,8,1,4,8,7,3,3,2,2
unshackledminds.com,8,2,7,8,5,5,3,4,5
thehindu.com,8,2,8,8,5,6,4,5,7
pressecop24.com,8,1,8,6,4,8,4,2,2
prepareforchange.net,8,2,8,8,7,8,8,4,5
thedialogue.co.in,8,1,8,8,3,8,4,2,2
uncanceled.news,8,3,8,8,6,8,8,1,6
businessinsider.com,8,2,5,8,8,5,4,4,6
tga.gov.au,8,1,8,8,7,8,6,5,7
rapsodia.fi,8,2,7,8,3,7,4,1,4
theempoweror.com,8,2,8,8,8,8,8,6,7
francesoir.fr,7,4,7,7,7,7,5,6,7
kutv.com,7,1,7,7,2,7,5,2,6
comedonchisciotte.org,7,1,7,7,5,7,7,3,5
teamtuckercarlson.com,7,3,7,7,7,6,6,2,2
axisnewsnetwork.files.wordpress.com,7,4,6,7,7,6,6,1,7
m.theepochtimes.com,7,5,7,7,7,7,7,7,7
egaliteetreconciliation.fr,7,2,7,7,7,7,6,1,3
savaers.co.za,7,1,7,7,6,6,6,4,4
tapnewswire.com,7,1,7,7,4,7,4,7,7
israelnationalnews.com,7,4,7,7,6,7,7,5,6
rickjaffeesq.com,7,3,7,7,7,7,7,2,7
covidvaccinevictims.com,7,2,7,7,7,6,6,5,6
katohika.gr,7,2,6,7,7,4,4,2,4
noticierouniversal.com,7,2,7,7,7,5,5,1,5
gd.com,7,2,7,7,3,7,5,2,3
trends.google.com,7,2,5,7,6,4,3,3,3
cov19-vaccine.mhlw.go.jp,7,1,7,7,7,7,7,4,7
doctors4covidethics.medium.com,7,3,7,7,7,7,6,4,6
cf5e727d-d02d-4d71-89ff-9fe2d3ad957f.filesusr.com,7,3,7,7,4,7,6,2,5
vsafe.cdc.gov,7,3,7,7,7,7,7,4,7
collective-evolution.com,7,3,7,7,4,7,7,3,5
johnplatinumgoss.com,7,1,6,7,5,5,4,2,3
amp.usatoday.com,7,1,6,7,7,5,5,3,5
davidicke.com,7,2,7,7,7,7,7,3,4
health.com,7,2,6,7,6,7,6,2,7
fromrome.info,7,2,5,7,2,5,2,1,1
lockdownsceptics.org,7,1,7,7,6,7,5,6,6
skepdoc.info,7,3,7,7,6,7,7,1,6
medium.com,7,1,7,7,7,7,6,5,5
archive.is,7,3,6,7,5,6,6,3,5
pei.de,7,4,6,7,7,6,6,4,5
cbsnews.com,7,2,7,7,5,7,5,5,5
m.bles.com,6,2,6,6,6,6,6,3,4
rett24.no,6,1,5,6,6,4,4,2,3
euro.gov,6,1,2,6,5,2,2,1,3
covexit.com,6,1,2,6,6,1,1,1,1
newsguardtech.com,6,3,6,6,4,6,5,3,4
report24.news,6,1,6,6,6,6,6,3,2
ia803403.us.archive.org,6,2,6,6,5,6,5,1,5
accessdata.fda.gov,6,1,6,6,1,6,6,2,4
m.timesofindia.com,6,1,5,6,3,5,1,4,5
firstcoastnews.com,6,1,6,6,6,6,6,1,3
duckduckgo.com,6,2,6,6,6,6,6,5,6
snsclub.urayasucitizens.net,6,1,6,6,2,6,2,5,5
stillnessinthestorm.com,6,1,5,6,5,5,4,2,2
liberation.fr,6,2,6,6,6,6,6,3,5
ia801508.us.archive.org,6,2,6,6,5,6,6,1,4
roxytube.com,6,1,6,6,4,5,4,2,4
libertysentinel.org,6,3,6,6,6,6,6,2,4
speedtheshift.wordpress.com,6,2,6,6,6,6,6,1,6
factcheck.afp.com,6,2,6,6,6,6,5,4,6
style.nikkei.com,6,1,4,6,6,4,4,3,4
congress.gov,6,2,6,6,5,6,5,1,5
eraoflight.com,6,2,6,6,6,6,6,2,6
wochenblick.at,6,1,6,6,3,6,4,2,3
sunfellow.com,6,2,6,6,2,6,6,1,2
b2n.ir,6,2,4,6,6,3,3,2,4
google.nl,6,1,6,6,6,6,6,5,6
philosophersforchange.org,6,3,6,6,3,6,5,2,3
aapsonline.org,6,3,6,6,5,6,6,4,6
nowtheendbegins.com,6,2,6,6,6,5,5,1,3
dn.no,6,1,6,6,6,6,6,5,6
investmentwatchblog.com,6,3,6,6,6,5,5,4,5
jennifermargulis.net,6,3,6,6,6,6,6,1,5
1earthunite.wordpress.com,6,1,4,6,5,3,2,1,3
insurgente.org,6,1,5,6,6,3,3,1,2
crazzfiles.com,6,2,6,6,4,6,6,2,3
vaers.hh.gov,6,2,6,6,3,6,6,4,5
projects.propublica.org,6,1,4,6,6,4,4,2,6
paper.li,6,1,5,6,4,4,3,4,3
dailytruthreport.com,6,2,6,6,5,5,5,2,3
nworeport.me,6,3,5,6,6,4,4,3,4
blackisbeautiful2013.blog.fc2.com,6,1,6,6,2,5,1,5,5
hoe2021.com,6,1,5,6,6,5,5,2,4
wakingtimes.us4.list-manage.com,5,1,3,5,4,2,1,2,2
straight2point.info,5,3,5,5,2,5,4,2,2
sfchronicle.com,5,1,4,5,4,3,3,2,2
ia801506.us.archive.org,5,2,5,5,4,5,3,2,4
michelduchaine.com,5,1,4,5,3,3,2,2,2
cogiito.com,5,2,5,5,4,4,2,3,4
mol.im,5,1,5,5,4,5,4,4,4
streamable.com,5,2,4,5,3,4,4,2,2
eleftheripena.com,5,1,5,5,1,5,1,5,5
sciencepresse.qc.ca,5,1,5,5,5,5,5,1,5
healthit.ahrq.gov,5,3,5,5,4,5,4,3,4
worldometers.info,5,2,5,5,5,5,5,3,4
antiprogre.com,5,2,5,5,5,5,5,2,4
statista.com,5,2,5,5,5,5,4,4,5
ugetube.com,5,2,5,5,4,5,4,5,4
open,5,2,5,5,3,5,4,2,3
dailyveracity.com,5,3,4,5,5,3,3,2,4
ilsimplicissimus2.com,5,1,5,5,1,5,5,1,2
anandabazar.com,5,1,3,5,5,3,3,2,2
timesofisrael.com,5,1,4,5,5,3,2,3,3
business-standard.com,5,1,2,5,5,2,1,1,3
icloud.com,5,1,5,5,1,5,5,1,1
thesun.co.uk,5,1,5,5,5,5,4,5,5
factandfurious.com,5,1,5,5,5,5,5,2,5
zejournal.mobi,5,1,3,5,5,2,2,1,2
citizenwells.com,5,3,5,5,4,5,5,3,3
mdpi.com,5,4,5,5,5,5,5,3,5
vaersanalysis.info,5,1,5,5,5,5,4,4,4
oral.sk,5,2,5,5,3,5,2,3,2
srbin.info,5,2,5,5,5,4,4,3,2
blogs.bmj.com,5,3,5,5,4,5,5,4,5
open.spotify.com,5,2,5,5,5,5,5,5,5
link.growkudos.com,5,1,5,5,1,5,1,5,4
yourlocalepidemiologist.substack.com,5,2,4,5,4,4,3,2,4
google.com.au,5,3,5,5,4,5,5,5,5
uneyama.hatenablog.com,5,1,2,5,5,1,1,1,2
informacioncatalizada.blogspot.com,5,1,5,5,1,5,5,5,5
vaccine.guide,5,3,5,5,5,5,4,2,5
news3lv.com,5,3,5,5,5,5,5,2,5
coronalabo.com,5,1,2,5,5,2,2,1,4
transparenztest.de,5,1,5,5,1,5,3,2,4
dksdata.com,5,1,4,5,3,4,3,1,4
qr.paps.jp,5,1,5,5,4,5,4,3,3
dw.com,5,4,5,5,5,5,5,4,4
fox17online.com,5,1,5,5,4,5,5,1,3
nettavisen.no,5,1,5,5,3,5,3,4,4
e-bmc.co.uk,5,1,5,5,5,5,5,2,5
robertscottbell.com,5,1,5,5,2,5,2,5,5
kreately.in,5,1,4,5,4,2,1,1,3
geertvandenbossche.org,5,2,5,5,3,5,5,3,4
flccc.net,5,1,5,5,5,5,5,4,5
e24.no,5,1,5,5,2,5,2,5,5
yahoo.com,5,1,4,5,5,4,4,3,3
theconservativedispatch.com,5,2,3,5,4,2,2,1,1
injuredbycovidvaccine.com,5,1,5,5,3,5,5,2,3
kuleksii.com,5,3,4,5,5,4,4,3,4
pro-news.gr,5,1,5,5,1,5,1,5,3
nationalreview.com,5,1,5,5,5,5,4,4,5
survivethenews.com,5,1,3,5,5,2,2,2,2
katinatrakadoros.blogspot.com,5,1,2,5,1,5,1,1,4
xfl7gildohi2upl4tiahk7v3by-ac5fdsxevxq4s5y.translate.goog,5,2,5,5,2,5,4,1,2
academia.edu,4,2,4,4,2,4,3,2,3
who-umc.org,4,1,4,4,2,4,4,1,2
texastribune.org,4,2,4,4,4,4,4,1,4
lulu2.music.blog,4,1,4,4,1,4,4,2,2
kvue.com,4,1,2,4,4,1,1,1,2
adrenogate.net,4,2,4,4,3,4,4,3,3
cdn.lbryplayer.xyz,4,2,4,4,3,4,3,3,3
fnn.jp,4,1,3,4,4,3,2,2,2
foreignaffairsintelligencecouncil.wordpress.com,4,3,4,4,4,4,4,3,4
tokentube.net,4,2,4,4,4,3,3,2,2
szczepienia.pzh.gov.pl,4,1,4,4,4,4,4,1,3
soundcloud.app.goo.gl,4,2,4,4,2,4,3,3,3
jpost.com,4,1,4,4,4,3,3,3,4
buzzsprout.com,4,2,4,4,3,4,3,3,3
lesdeqodeurs.fr,4,1,4,4,2,4,3,1,1
indiatoday.in,4,2,4,4,4,4,4,4,4
theatlantic.com,4,2,4,4,4,3,3,3,3
cf5e727d-d029fe2d3ad957f.filesusr.com,4,2,4,4,4,3,3,2,2
wmbriggs.com,4,1,4,4,4,3,3,2,2
centerforhealthsecurity.org,4,2,4,4,4,4,4,4,4
fb.me,4,1,1,4,1,1,1,1,4
jp.reuters.com,4,1,4,4,3,4,3,3,3
abovetopsecret.com,4,1,3,4,4,2,2,2,2
captajitvadakayil.in,4,1,4,4,3,2,2,2,2
ad.nl,4,1,4,4,3,4,3,4,4
france24.com,4,2,4,4,4,4,4,3,4
superu.net,4,1,4,4,3,4,3,3,3
latimes.com,4,1,2,4,4,2,2,1,3
wikistrike.com,4,1,2,4,4,1,1,1,4
1000covidstories.com,4,1,4,4,4,4,4,3,4
secureservercdn.net,4,2,4,4,3,4,4,1,4
eutimes.net,4,2,4,4,4,4,4,3,3
hollywoodreporter.com,4,1,2,4,4,2,1,1,1
americanthinker.com,4,2,4,4,4,3,3,3,3
dlive.tv,4,1,2,4,4,1,1,1,1
thephaser.com,4,2,4,4,4,4,4,4,4
themostimportantnews.com,4,1,2,4,4,1,1,1,2
vietatoparlare.it,4,1,4,4,2,4,2,2,4
covid19criticalcare.com,4,1,4,4,3,4,4,3,3
blogtalkradio.com,4,1,4,4,2,2,1,2,2
niid.go.jp,4,1,4,4,4,4,3,3,4
newindianexpress.com,4,2,4,4,2,3,2,3,3
google.co.jp,4,1,4,4,3,4,2,3,3
covid-datascience.com,4,2,4,4,4,4,3,2,4
covid-crime.org,4,2,4,4,1,4,3,2,3
bloomberg.com,4,2,4,4,4,4,4,4,4
news.yahoo.com,4,1,4,4,4,4,4,4,4
parentingpatch.com,4,3,4,4,4,4,3,2,4
news.v.daum.net,4,1,4,4,1,4,1,4,4
publichealthontario.ca,4,1,4,4,4,4,3,3,4
americaoutloud.com,4,2,4,4,3,4,3,1,2
disclose.tv,4,1,4,4,3,4,4,3,4
google.fr,4,2,4,4,3,4,4,4,4
hartgroup.org,4,2,4,4,3,4,4,3,3
cw.no,4,2,4,4,2,4,2,2,3
originalrebel.net,4,2,4,4,2,4,4,1,3
oregonlive.com,4,1,4,4,4,4,4,2,4
pmda.go.jp,4,1,3,4,3,3,2,2,2
podbean.com,4,1,4,4,4,4,4,4,4
podcasts.apple.com,4,1,4,4,4,4,4,4,4
deccanherald.com,4,1,4,4,2,4,2,4,4
health.mil,4,2,4,4,3,4,4,2,3
thesilentwaronourchildren.wordpress.com,4,1,4,4,2,4,3,1,2
vaers.hhs.org,4,3,4,4,4,4,4,3,4
ochakai-akasaka.com,4,1,4,4,2,2,1,2,2
ape.st,4,1,4,4,4,4,4,4,4
diariodevallarta.com,4,1,4,4,2,4,2,3,2
vhme.org,4,1,2,4,4,1,1,1,1
news-medical.net,4,1,4,4,4,4,4,4,4
virusvaria.nl,4,1,4,4,4,4,4,1,4
neurocienciasdrnasser.com,4,1,4,4,3,3,2,2,3
threader.app,4,2,4,4,3,4,3,4,4
sgtreport.com,4,2,4,4,4,4,4,4,4
thelibertybeacon.com,4,2,4,4,4,4,4,3,4
envirowatchrangitikei.wordpress.com,4,1,4,4,2,4,2,4,4
epochtimes.com,4,3,3,4,3,4,3,3,3
ufile.io,4,1,4,4,1,4,4,2,1
shorturl.at,4,3,4,4,4,4,4,4,4
aftenposten.no,4,1,4,4,4,4,4,1,2
globeandmal.com,4,1,4,4,1,4,4,1,1
mediabiasfactcheck.com,4,3,4,4,3,4,4,4,4
globalnews.ca,4,2,4,4,4,4,4,3,4
marseillenews.net,4,2,4,4,3,4,4,1,1
awakeneduk.wordpress.com,4,2,4,4,4,3,3,1,3
webmd.com,4,1,4,4,4,4,3,4,4
mailchi.mp,4,1,4,4,4,4,4,1,2
medschool.duke.edu,4,1,4,4,1,4,3,1,1
shar.es,4,4,4,4,4,4,4,4,4
abc4.com,4,1,4,4,4,4,4,3,4
urpl.gov.pl,4,1,2,4,4,1,1,1,2
connectiv.events,4,2,3,4,4,2,2,1,2
s.click.aliexpress.com,4,1,4,4,2,3,1,3,1
thewatchtowers.org,4,2,4,4,3,3,3,3,3
comvernews.wordpress.com,4,2,4,4,4,4,4,2,4
modernatx.com,4,2,4,4,4,4,4,4,4
xandernieuws.net,4,1,4,4,2,4,4,4,4
mixonline.jp,4,1,4,4,3,4,4,2,4
tiktok.com,3,1,3,3,2,3,2,3,3
thewashingtongazette.com,3,1,3,3,1,2,1,2,2
www3.nhk.or.jp,3,1,3,3,3,3,3,2,2
iltempo.it,3,1,2,3,3,1,1,1,1
images.app.goo.gl,3,2,3,3,3,3,3,3,3
i-do-not-consent.netlify.app,3,1,3,3,3,3,3,3,3
thetattyjournal.org,3,3,3,3,3,3,3,2,3
health.gov.au,3,2,3,3,3,3,3,3,3
thewhiterose.uk,3,2,3,3,3,3,3,2,3
thelogicofscience.com,3,2,3,3,3,3,3,2,3
healthline.com,3,1,3,3,3,3,3,3,3
home.solari.com,3,1,3,3,3,2,2,1,2
infocatalizador.blogspot.com,3,1,3,3,1,3,2,1,1
imgur.com,3,1,3,3,3,3,3,3,3
thewellnessway.com,3,2,3,3,3,3,3,1,2
ia801406.us.archive.org,3,2,3,3,1,3,3,1,3
tmblr.co,3,1,3,3,1,3,1,3,3
telegraph.co.uk,3,1,3,3,3,3,3,3,3
thepowerhour.com,3,2,3,3,2,3,2,2,3
vaxstudy.org,3,1,3,3,1,3,3,2,3
tmmethod.blog.fc2.com,3,1,3,3,2,2,2,1,2
nooit.nl,3,2,3,3,3,3,3,1,1
ratioscientiae.weebly.com,3,1,3,3,1,3,3,1,2
redcap.healthinstitute.illinois.edu,3,1,3,3,3,3,3,1,3
vaccinereport.org,3,2,3,3,2,3,3,1,2
nikaidou.com,3,1,3,3,3,3,3,2,2
nhs.uk,3,1,2,3,3,2,2,1,2
replug.link,3,1,2,3,3,1,1,1,1
newsbreak.com,3,2,3,3,3,3,3,3,2
vaccinedamage.news,3,2,3,3,3,3,3,3,3
news360.com,3,1,3,3,2,2,1,2,2
usamagazinestudio.com,3,1,3,3,3,3,3,2,3
nbcwashington.com,3,1,2,3,3,2,2,1,1
nbcconnecticut.com,3,2,3,3,3,2,2,2,3
ruqqus.com,3,1,3,3,1,3,2,2,3
namelyliberty.com,3,2,3,3,2,3,3,2,2
vlaamsemedia.trendolizer.com,3,1,3,3,1,3,1,3,2
radiopatriot.net,3,1,2,3,3,1,1,1,1
northsidesun.com,3,1,3,3,3,2,2,2,2
motherjones.com,3,1,3,3,3,3,3,1,3
purebibleforum.com,3,1,3,3,1,3,2,1,3
pandata.org,3,3,3,3,3,3,3,3,3
vaxoutcomes.com,3,2,3,3,2,3,3,2,1
oye.news,3,1,2,3,3,1,1,1,3
planet-today.com,3,1,2,3,3,2,2,1,2
outlookindia.com,3,1,3,3,1,3,3,1,3
ossitiihonen.com,3,1,2,3,3,2,2,1,1
orthomolecular.org,3,1,2,3,3,2,1,1,2
ons.gov.uk,3,1,3,3,2,3,3,2,3
onlinelibrary.wiley.com,3,1,3,3,3,3,3,3,3
politykapolska.eu,3,1,3,3,3,3,3,2,3
verywellhealth.com,3,2,3,3,3,3,3,3,3
onevaxxednurse.com,3,1,3,3,2,3,2,2,2
vg.no,3,2,3,3,3,3,3,3,3
prnewswire.com,3,1,3,3,3,3,3,2,3
nutritruth.org,3,2,3,3,3,3,2,1,3
scholar.google.com,3,1,3,3,3,3,3,2,2
seattletimes.com,3,3,3,3,3,3,3,2,3
jdfor2020.com,3,2,3,3,2,3,3,1,1
winepressnews.com,3,2,3,3,3,3,2,1,3
streaming.radio.co,3,1,3,3,1,3,1,1,1
legitgov.org,3,1,3,3,3,3,3,1,2
legemiddelverket.no,3,2,3,3,3,3,3,3,3
le-blog-sam-la-touch.over-blog.com,3,1,3,3,1,3,3,1,1
translate.google.com.hk,3,1,1,3,3,1,1,1,1
kxan.com,3,2,3,3,3,3,1,1,3
ko-fi.com,3,1,2,3,3,1,1,1,1
kasialovesgod.wixsite.com,3,1,2,3,3,1,1,1,1
justiceforevee.org,3,1,3,3,1,3,1,2,3
today.com,3,1,3,3,1,3,3,1,1
journalistenwatch.com,3,1,3,3,3,3,3,2,2
techarp.com,3,1,3,2,3,3,3,1,2
johnccarleton.org,3,1,3,3,3,3,3,2,3
wp.me,3,2,3,3,3,3,3,3,3
technologyreview.com,3,1,3,3,3,3,2,2,2
lifehakx.com,3,1,2,3,1,3,1,2,2
link.theepochtimes.com,3,2,3,3,2,3,2,3,3
uncoverdc.com,3,1,2,3,3,2,2,1,1
loutrakiodusseas.blogspot.com,3,2,3,3,3,3,3,2,3
metro.co.uk,3,1,3,3,3,3,3,3,3
mega.nz,3,2,3,3,3,3,3,3,3
twimmer.com,3,1,3,3,1,3,1,1,2
wcnc.com,3,2,3,3,3,3,3,1,2
mcusercontent.com,3,3,3,3,3,3,3,3,3
mayoclinic.org,3,1,3,3,3,3,2,3,2
market-ticker.org,3,2,3,3,3,3,3,2,2
markcrispinmiller.com,3,2,3,3,3,2,2,1,1
margueriterothe.com,3,1,3,3,2,3,2,2,2
mandataapoekso.blogspot.com,3,1,3,3,3,3,3,3,3
westonaprice.org,3,2,3,3,2,3,2,2,3
wethepundit.com,3,2,3,3,2,3,3,1,2
soundcloud.com,3,2,3,3,3,2,2,2,3
sp-network.co.jp,3,1,3,3,1,3,1,3,3
luis46pr.wordpress.com,3,2,3,3,3,3,3,1,3
smh.com.au,3,2,3,3,2,3,2,2,3
ln4.sync.com,3,2,3,3,3,3,3,2,2
zpr.io,3,3,3,3,3,3,3,3,3
frontiersin.org,3,1,3,3,3,3,3,3,3
bidstats.uk,3,1,3,3,2,3,1,1,1
bing.com,3,1,3,3,3,3,3,3,3
alexberenson.substack.com,3,1,3,3,3,3,3,3,3
earthunited.global,3,2,3,3,2,3,3,1,3
drugdiscoverytrends.com,3,1,3,3,3,3,2,3,3
blogs.mediapart.fr,3,2,3,3,3,3,3,3,2
donaldjeffries.substack.com,3,1,3,3,2,2,2,1,2
bufale.net,3,1,2,3,3,1,1,1,1
aftershock.news,3,1,2,3,3,1,1,1,1
adrreport.eu,3,2,3,3,2,3,3,2,3
getome.com,3,1,1,3,3,1,1,1,2
defendtherepublic.org,3,1,3,3,1,2,2,2,1
deathscythes.byethost10.com,3,1,3,3,3,3,3,2,2
cdc.org,3,1,3,3,3,3,3,2,3
davidstockmanscontracorner.com,3,1,2,3,3,1,1,1,1
dash.harvard.edu,3,2,3,3,3,3,3,1,3
centipedenation.com,3,3,3,3,3,3,3,2,3
channel3000.com,3,1,3,3,1,3,3,1,2
abcn.ws,3,1,3,3,3,3,3,2,3
cvdvaccine.com,3,1,3,3,1,3,3,2,2
aappublications.org,3,1,3,3,2,3,3,2,2
allfactsmatter.nl,3,1,3,3,1,3,3,1,2
bestpromotionalcodes.com,3,1,3,3,3,3,3,3,1
curiouscat.qa,3,3,3,3,2,3,2,3,3
freedomfirstnetwork.com,3,1,3,3,3,3,3,3,3
api.follow.it,3,1,2,3,2,3,2,2,2
fawkes-news.com,3,1,3,3,3,3,3,2,3
aredcircle.org,3,3,3,3,2,3,3,2,2
fakeologist.com,3,2,3,3,1,3,1,3,3
forbiddenknowledgetv.net,3,1,3,3,3,3,3,3,3
factcheck.thedispatch.com,3,2,3,3,3,3,3,1,3
asifthinkingmatters.com,3,2,3,3,3,3,3,3,2
extremelyamerican.com,3,1,3,3,2,3,2,2,2
express.co.uk,3,1,3,3,3,3,3,3,3
asyura2.com,3,1,3,3,2,2,2,1,2
exposethegrove.com,3,1,3,3,1,3,3,2,1
australiannationalreview.com,3,1,3,3,2,3,2,3,3
ausvaxsafety.org.au,3,2,3,3,3,3,3,1,3
avoin.media,3,2,3,3,2,3,3,1,1
etresouverain.com,3,2,3,3,2,3,2,2,2
estudosnacionais.com,3,1,2,3,3,2,2,1,1
axiomata.net,3,2,3,3,2,2,2,1,2
fox8.com,3,1,3,3,3,3,3,3,3
ertopen.com,3,1,3,3,2,3,2,1,2
en-volve.com,3,1,3,3,3,3,3,2,3
bbc.co.uk,3,1,2,3,3,2,1,1,2
google.com.tr,3,1,3,3,3,3,2,3,3
finance.yahoo.com,3,2,3,3,3,3,3,3,3
cormandrostenreview.com,3,1,1,3,3,1,1,1,2
153news.net,3,2,3,3,3,3,3,3,3
citizenfreepress.com,3,2,3,3,3,3,3,3,3
conservativedailynews.com,3,3,3,3,3,3,3,3,3
covidkabinet.blogspot.com,3,2,3,3,1,3,3,2,1
toknow.uk,2,2,2,2,2,2,2,2,2
tokumei10.blogspot.com,2,1,2,2,2,2,2,1,2
torontosun.com,2,2,2,2,2,2,2,2,2
totalnewsjp.com,2,1,2,2,2,1,1,1,1
translate.google.co.jp,2,1,2,2,2,2,1,1,2
collective-spark.xyz,2,2,2,2,2,2,2,2,2
search.cdc.gov,2,2,2,2,2,2,1,2,2
translate.google.es,2,1,2,2,2,1,1,1,2
baumhedlundlaw.com,2,1,2,2,2,2,1,2,2
ppldailylife.blogspot.com,2,1,2,2,2,2,2,1,1
travishouser.com,2,1,2,2,1,2,2,2,2
minds.com,2,1,2,2,2,2,2,2,2
medscape.com,2,2,2,2,2,2,2,2,2
enformtk.u-aizu.ac.jp,2,1,2,2,2,2,2,1,2
england.nhs.uk,2,1,2,2,1,2,2,2,1
epochtimes.de,2,2,2,2,2,2,2,2,2
medicine.news,2,1,2,2,1,1,1,1,1
medicinapiccoledosi.it,2,1,2,2,2,2,2,1,2
tribeqr.com,2,1,2,2,1,2,2,2,2
medicalnewstoday.com,2,2,2,2,2,2,1,2,2
regulations.gov,2,1,2,2,1,2,2,1,2
redstatetalkradio.com,2,1,2,2,2,2,2,2,2
mlb.com,2,1,2,2,1,2,2,1,1
conspirituality.net,2,1,2,2,1,2,1,1,1
covid19risktools.com:8443,2,1,2,2,1,2,2,1,2
netguide.com,2,1,2,2,2,1,1,1,1
blogdogcicle.blogspot.com,2,1,2,2,2,2,2,1,1
blog.nomorefakenews.com,2,1,2,2,2,2,2,1,2
sinomosiologos.blogspot.com,2,1,2,2,1,2,1,2,2
blacklistednews.com,2,2,2,2,2,2,2,2,2
ecdc.europa.eu,2,1,2,2,2,2,2,2,2
radiologybusiness.com,2,1,2,2,2,2,2,2,2
nbcchicago.com,2,1,2,2,2,2,2,2,2
economictimes.indiatimes.com,2,1,2,2,2,1,1,1,1
raskrinkavanje.ba,2,1,2,2,1,2,1,2,2
mkykfxyvccigfjpswgh77ywmki-ac5fdsxevxq4s5y-www-openvaers-com.translate.goog,2,1,2,2,2,2,2,1,2
bibula.com,2,1,2,2,2,2,2,1,2
raypeatforum.com,2,2,2,2,2,2,2,1,2
cnnespanol.cnn.com,2,1,2,2,2,2,2,2,2
timcliffe.uk,2,1,2,2,1,2,2,2,2
mp.pl,2,1,2,2,2,2,2,1,2
moneycontrol.com,2,1,2,2,2,2,2,1,1
covid19.colorado.gov,2,2,2,2,2,2,2,2,2
beckershospitalreview.com,2,2,2,2,2,2,2,1,2
azonlinecoupons.com,2,1,2,2,2,2,2,2,1
babylonbee.com,2,1,2,2,1,2,1,2,2
media.patriots.win,2,1,2,2,1,2,1,2,2
truepundit.com,2,2,2,2,2,2,2,1,2
conservativewoman.co.uk,2,1,2,2,2,2,2,2,2
asiyanetki.com,2,2,2,2,1,2,0,2,2
uol.com.br,2,1,2,2,2,2,2,2,1
logically.ai,2,1,2,2,2,2,2,2,2
rlowery.org,2,1,2,2,1,2,2,1,1
uphs.upenn.edu,2,1,2,2,2,2,2,1,2
uscode.house.gov,2,1,2,2,1,2,2,1,2
ronjohnson.senate.gov,2,1,2,2,1,2,1,1,1
limbaugh2020.com,2,2,2,2,1,2,2,2,2
sadefenza.org,2,1,2,2,2,2,2,1,1
vaccine.fyi,2,1,2,2,2,2,2,1,2
assets-global.website-files.com,2,2,2,2,2,2,2,1,2
fda.gov.tw,2,1,2,2,2,2,2,1,1
ar25.org,2,1,2,2,2,2,2,1,1
apps.who.int,2,2,2,2,2,2,2,2,2
rtlnieuws.nl,2,1,2,2,2,1,1,1,2
apps.tga.gov.au,2,1,2,2,2,2,2,1,1
vaccineinjurysupport.ca,2,1,2,2,1,2,2,1,1
lemonde.fr,2,1,2,2,2,2,2,2,2
fileleaks.com,2,2,2,2,1,2,2,2,2
leftbrainrightbrain.co.uk,2,2,2,2,2,2,2,1,2
rivm.nl,2,2,2,2,2,2,2,2,2
sayit.world,2,1,2,2,1,2,1,2,1
dryburgh.com,2,1,2,2,2,2,1,2,2
eudravigilance.ema.europa.eu,2,2,2,2,2,2,2,1,2
reinfocovid.fr,2,1,2,2,2,2,2,1,1
espn.com,2,1,2,2,1,2,1,2,1
medalerts.com,2,1,2,2,2,2,2,1,2
corriere.it,2,1,2,2,2,2,1,1,1
sciencenews.org,2,1,2,2,2,2,1,2,2
awesomecapital.blogspot.com,2,1,2,2,1,1,1,1,1
sciencefiles.org,2,2,2,2,2,2,2,2,2
max-happy.com,2,1,2,2,1,2,1,2,2
tukioyobu.air-nifty.com,2,1,2,2,1,1,1,1,1
tv.gab.com,2,2,2,2,2,2,2,2,2
scam-detector.com,2,1,2,2,1,2,2,1,2
commonsensetv.nl,2,1,2,2,2,2,2,2,2
mainampasauli.news,2,1,2,2,1,2,1,2,2
u.k.gov,2,1,2,2,2,2,2,2,2
europereloaded.com,2,1,2,2,2,2,2,1,2
coronaloji.com,2,1,2,2,1,2,1,2,2
corona-transition.org,2,1,2,2,2,2,2,2,2
euskalnews.com,2,2,2,2,2,2,2,2,2
uimedianetwork.org,2,1,2,2,1,2,2,1,2
ukmedfreedom.org,2,1,2,2,2,2,2,2,2
dx.doi.org,2,2,2,2,2,2,2,1,2
thesecretrealtruth.blogspot.com,2,1,2,2,1,2,1,2,2
prabhatkhabar.com,2,1,2,2,2,1,1,1,1
news.google.com,2,2,2,2,2,2,2,2,2
paracom.paramountcommunication.com,2,2,2,2,2,2,2,2,2
papa.arte.tv,2,1,2,2,2,2,2,1,1
choratouaxoritou.gr,2,1,2,2,2,2,2,1,1
outsidermedia.cz,2,1,2,2,2,1,1,1,1
t-a.no,2,1,2,2,1,2,1,2,2
takeactioncanada.ca,2,1,2,2,1,2,2,1,1
davidmartin.world,2,1,2,2,1,2,2,1,2
sorendreier.com,2,1,2,2,2,2,2,2,2
organiclifestylemagazine.com,2,2,2,2,2,2,2,1,2
db2017.wasedachronicle.org,2,1,2,2,2,2,2,1,2
dcdirtylaundry.com,2,2,2,2,2,2,2,2,2
chute.com,2,1,2,2,2,1,1,1,1
de.m.wikipedia.org,2,1,2,2,2,2,2,2,2
opensourcetruth.com,2,1,2,2,2,2,2,2,2
de.rt.com,2,2,2,2,2,2,2,2,2
open.online,2,1,2,2,2,2,2,2,1
cbs.nl,2,1,2,2,2,2,1,1,2
de.wikipedia.org,2,1,2,2,2,2,2,2,2
proremedium.pl,2,1,2,2,2,1,1,1,1
onlineresistancemovement.net,2,1,2,2,2,2,2,1,2
declarationofopinion.wordpress.com,2,1,2,2,2,2,2,1,1
criticanacional.com.br,2,1,2,2,2,2,2,1,2
patreon.com,2,2,2,2,2,2,2,1,2
peakprosperity.com,2,2,2,2,2,2,2,1,2
cyber54.blogspot.com,2,1,2,2,1,2,1,2,2
sst.dk,2,1,2,2,1,2,2,1,2
ctvnews.ca,2,1,2,2,2,2,2,2,2
postandcourier.com,2,1,2,2,2,1,1,1,1
statesman.com,2,2,2,2,2,2,2,2,2
podcasts.google.com,2,1,2,2,2,2,2,1,2
podcastaddict.com,2,1,2,2,2,2,2,2,2
cvdvaccine-us.com,2,1,2,2,2,2,2,2,2
prescriptiondrugs.procon.org,2,1,2,2,2,2,2,1,2
player.fm,2,1,2,2,1,2,1,2,2
plandemicshirts.com,2,1,2,2,2,1,1,1,1
peckford42.wordpress.com,2,1,2,2,2,2,2,2,2
steemit.com,2,1,2,2,1,2,2,1,1
phys.org,2,1,2,2,1,2,2,2,2
steigan.no,2,1,2,2,2,2,2,2,2
pgibertie.com,2,1,2,2,1,2,2,1,1
dagbladet.no,2,1,2,2,2,2,2,1,1
perma.cc,2,2,2,2,2,2,2,2,2
spreely.com,2,1,2,2,2,2,2,2,2
chartword.com,2,1,2,2,2,1,1,1,1
crooksandliars.com,2,1,2,2,2,2,2,2,2
cidrap.umn.edu,2,2,2,2,2,2,2,1,2
onedrive.live.com,2,1,2,2,2,2,2,2,2
demokratischerwiderstand.de,2,1,2,2,2,2,2,1,2
boston.com,2,1,2,2,2,1,1,1,1
noesis2017.com,2,1,2,2,1,2,1,2,2
noagendashow.net,2,1,2,2,2,2,2,2,2
burgerfront.nl,2,1,2,2,2,2,2,2,2
thefourthempire.blogspot.com,2,1,2,2,1,2,2,2,2
cirp.org,2,1,2,2,2,2,2,1,2
publish.twitter.com,2,1,2,2,2,2,2,2,2
nih.gov,2,1,2,2,2,2,2,1,2
breaking-news.ca,2,2,2,2,2,2,2,2,2
pubmed.gov,2,1,2,2,2,2,2,2,2
borsainside.com,2,1,2,2,2,1,1,1,2
vaers.cdc.gov,2,1,2,2,2,2,2,2,2
newswars.com,2,1,2,2,2,2,2,2,2
newsorbit.com,2,1,2,2,2,1,1,1,1
blogs.sciencemag.org,2,1,2,2,1,2,2,1,2
drcharlieward.com,2,1,2,2,1,2,2,1,1
news4jax.com,2,1,2,2,2,2,2,2,2
dreddymd.com,2,2,2,2,2,2,2,2,2
news24.com,2,1,2,2,2,1,1,1,2
blogfactory.co.uk,2,1,2,2,1,2,1,2,2
thepoxesblog.wordpress.com,2,1,2,2,1,2,2,1,2
thedaysoftheyear.com,2,1,2,2,2,2,2,2,1
nos.nl,2,2,2,2,2,2,2,2,2
olis.leg.state.or.us,2,1,2,2,2,2,2,1,2
nzdsos.com,2,1,2,2,2,1,1,1,1
ohio.gov,2,1,2,2,2,2,2,1,1
offgridquest.com,2,1,2,2,1,2,1,1,1
pub.med,2,2,2,2,2,2,2,1,2
casereports.bmj.com,2,1,2,2,2,2,2,1,1
ocregister.com,2,1,2,2,2,2,2,1,2
tga.gov,2,1,2,2,2,2,1,2,2
oann.com,2,1,2,2,2,2,2,2,2
o-kinaki.org,2,1,2,2,2,2,2,1,2
nzherald.co.nz,2,1,2,2,2,2,1,2,2
covidthebiglie.int13.ru,2,1,2,2,2,2,2,1,1
c19early.com,2,1,2,2,2,2,2,2,2
digi.no,2,1,2,2,2,2,2,1,1
dinf.net,2,2,2,2,1,2,1,2,2
direkte.vg.no,2,1,2,2,2,2,1,2,2
canadianphysicians.org,2,1,2,2,2,2,2,1,1
numidia-liberum.blogspot.com,2,1,2,2,2,2,2,2,2
nu.nl,2,1,2,2,2,2,2,2,2
nrk.no,2,1,2,2,2,2,2,2,2
novax.org,2,1,2,2,2,2,2,2,2
notificaram.es,2,1,2,2,2,2,2,2,2
byoblu.com,2,1,2,2,2,2,2,2,2
rui.jp,2,1,2,2,2,2,2,2,2
le-bonheur-ne-s-achete-pas-il-se-construit-pas-a-pas.com,2,1,2,2,2,1,1,1,2
viableopposition.blogspot.com,2,1,2,2,1,2,1,1,2
alexposoukh.blogspot.com,2,1,2,2,1,2,2,2,2
ft.com,2,2,2,2,2,2,2,2,2
hopkinsmedicine.org,2,2,2,2,2,2,2,2,2
google.co.nz,2,1,2,2,1,2,2,2,2
violationtracker.goodjobsfirst.org,2,2,2,2,2,2,1,2,2
historyofvaccines.org,2,2,2,2,2,2,2,2,2
www-frontnieuws-com.translate.goog,2,1,2,2,1,2,2,1,1
hispantv.com,2,1,2,2,2,1,1,1,1
highwire.com,2,1,2,2,2,2,2,1,2
high.as,2,1,2,2,2,2,1,1,1
freeworldnews.tv,2,2,2,2,2,2,2,2,2
google.de,2,2,2,2,2,2,2,2,2
hempyhope.com,2,1,2,2,1,2,1,2,2
americanhealthdefenders.com,2,1,1,2,1,2,1,1,1
jp.sputniknews.com,2,1,2,2,2,2,1,1,2
yomiuri.co.jp,2,1,2,2,2,2,2,2,2
healthimpactnews.co,2,1,2,2,1,2,2,2,2
juntendo.ac.jp,2,1,2,2,2,2,2,1,2
healthfreedomiowa.org,2,2,2,2,2,2,2,1,2
kaikaku33.blog.jp,2,1,2,2,2,2,2,2,2
kamogawakosuke.info,2,1,2,2,2,1,1,1,2
yalemedicine.org,2,1,2,2,2,2,1,2,2
foxbaltimore.com,2,1,2,2,1,2,1,1,1
fox61.com,2,1,2,2,2,1,1,1,2
anchor.fm,2,1,2,2,2,2,2,2,2
fox32chicago.com,2,1,2,2,1,2,2,1,1
kgw.com,2,1,2,2,2,1,1,1,1
klubinteligencjipolskiej.pl,2,1,2,2,2,2,2,2,2
vaxed.net,2,2,2,2,2,2,2,1,2
knoema.com,2,1,2,2,1,2,2,1,1
goodrx.com,2,1,2,2,1,2,2,1,1
ivmmeta.com,2,2,2,2,2,2,2,2,2
ivermectine-covid.ch,2,1,2,2,2,2,1,1,1
aizen-tt.livejournal.com,2,1,2,2,1,2,1,2,2
gesichtzeigen.digital,2,1,2,2,2,1,1,1,1
whiskeytangotexas.com,2,2,2,2,2,2,2,2,2
whois.com,2,1,2,2,2,2,2,1,1
il.linkedin.com,2,1,2,2,1,2,2,1,1
aeginagreece.com,2,1,2,2,1,1,1,1,1
aemps.gob.es,2,1,2,2,2,2,2,2,2
indiaeducationdiary.in,2,1,2,2,2,2,2,1,1
genteporlaverdad.com,2,1,2,2,1,2,1,1,2
geneticliteracyproject.org,2,1,2,2,2,2,2,1,2
weliveinamadworld.com,2,1,2,2,1,2,1,1,2
ican.org,2,1,2,2,2,2,2,1,2
ibtimes.com,2,1,2,2,2,2,2,2,2
ia903403.us.archive.org,2,2,2,2,2,2,1,1,2
acsh.org,2,2,2,2,2,2,2,1,2
acog.org,2,2,2,2,2,2,2,2,2
goachronicle.com,2,1,2,2,2,2,2,1,1
ins.gov.co,2,1,2,2,1,2,2,2,1
insee.fr,2,1,2,2,1,2,2,1,1
abplive.com,2,1,2,2,1,2,1,1,1
washingtonlatest.com,2,2,2,2,2,2,2,2,2
wonders.cdc.gov,2,2,2,2,2,2,2,2,2
i.ibb.co,2,1,2,2,2,2,2,2,2
worlddoctorsalliance.com,2,2,2,2,2,2,2,2,2
hwfo.substack.com,2,1,2,2,1,2,1,1,2
goo.gl,2,2,2,2,2,2,2,2,2
ipaknowledge.org,2,2,2,2,2,2,2,2,2
aim4truth.org,2,1,2,2,2,2,2,1,2
worldtruthvideos.org,2,1,2,2,2,2,2,2,2
voicesforvaccines.org,2,1,2,2,1,2,2,1,2
vartoslo.no,2,1,2,2,1,2,1,2,2
freemalaysiatoday.com,2,2,2,2,2,2,2,2,2
whitehouse.gov,2,1,2,2,2,2,2,2,2
aosfatos.org,2,2,2,2,2,2,2,2,2
forms.gle,2,1,2,2,1,2,2,1,1
yucatanall.com,2,1,2,2,1,2,1,2,2
1drv.ms,2,2,2,2,2,2,2,2,2
larazon.es,2,2,2,2,2,2,2,2,2
lakelandtimes.com,2,1,2,2,2,2,2,1,2
kryptoguiden.no,2,1,2,2,2,2,2,1,1
focus.de,2,1,2,2,2,2,2,2,2
2politicaljunkies.blogspot.com,2,1,2,2,1,2,2,2,2
antena0109.com,2,1,2,2,2,2,2,1,1
vaers.hss.gov,2,1,2,2,2,2,2,1,2
kourdistoportocali.com,2,2,2,2,2,2,2,1,2
granitegrok.com,2,2,2,2,1,2,1,1,1
fox21news.com,2,1,2,2,2,2,1,1,2
app.powerbi.com,2,2,2,2,2,2,2,2,2
gov.co.uk,2,1,2,2,2,2,2,2,2
hanakosakamoto33.blog.jp,2,1,2,2,2,2,2,1,2
vaers.hhs.com,2,1,2,2,2,2,2,1,2
zordur.ve,2,1,2,2,2,1,1,1,1
cell.com,1,1,1,1,1,1,1,1,1
censored.vaxcalc.org,1,1,1,1,1,1,1,1,1
swky.co,1,1,1,1,1,1,1,1,1
cdv.gov,1,1,1,1,1,1,1,1,1
savetweetvideo.link,1,1,1,1,1,1,1,1,1
sukl.cz,1,1,1,1,1,1,1,1,1
satouclk.jp,1,1,1,1,1,1,1,1,1
suttercounty.org,1,1,1,1,1,1,1,1,1
sumatome.com,1,1,1,1,1,1,1,1,1
celebritiesdeaths.com,1,1,1,1,1,1,1,1,1
abortionfreenm.com,1,1,1,1,1,1,1,1,1
surowiecki.medium.com,1,1,1,1,1,1,1,1,1
celiafarber.substack.com,1,1,1,1,1,1,1,1,1
summit.news,1,1,1,1,1,1,1,1,1
sunepaarupodr.substack.com,1,1,1,1,1,1,1,1,1
world-signals.com,1,1,1,1,1,1,1,1,1
confirmedsource.com,1,1,1,1,1,1,1,1,1
chd.org,1,1,1,1,1,1,1,1,1
abcnyheter.no,1,1,1,1,1,1,1,1,1
store.controlgroup.science,1,1,1,1,1,1,1,1,1
steve-ohana.medium.com,1,1,1,1,1,1,1,1,1
chicagotribune.com,1,1,1,1,1,1,1,1,1
community.oilprice.com,1,1,1,1,1,1,1,1,1
stocktwits.com,1,1,1,1,1,1,1,1,1
stopfake.org,1,1,1,1,1,1,1,1,1
stopnop.com.pl,1,1,1,1,1,1,1,1,1
stopthecrime.net,1,1,1,1,1,1,1,1,1
stopwrongfulconvictions.wordpress.com,1,1,1,1,1,1,1,1,1
storage.courtlistener.com,1,1,1,1,1,1,1,1,1
worldupnews.com,1,1,1,1,1,1,1,1,1
challenges.fr,1,1,1,1,1,1,1,1,1
str.sg,1,1,1,1,1,1,1,1,1
chicagohan.org,1,1,1,1,1,1,1,1,1
zeitung.shz.de,1,1,1,1,1,1,1,1,1
strategika.fr,1,1,1,1,1,1,1,1,1
worldtribune.com,1,1,1,1,1,1,1,1,1
stratford-herald.com,1,1,1,1,1,1,1,1,1
cdn.substack.com,1,1,1,1,1,1,1,1,1
streamlabs.com,1,1,1,1,1,1,1,1,1
savingtherebublic.org,1,1,1,1,1,1,1,1,1
wonder.cdx.gov,1,1,1,1,1,1,1,1,1
wolnemedia.net,1,1,1,1,1,1,1,1,1
syr.us,1,1,1,1,1,1,1,1,1
sanevax.org,1,1,1,1,1,1,1,1,1
cause.do,1,1,1,1,1,1,1,1,1
wired.co.uk,1,1,1,1,1,1,1,1,1
actublues.fr,1,1,1,1,1,1,1,1,1
catholiccitizens.org,1,1,1,1,1,1,1,1,1
wimkin.com,1,1,1,1,1,1,1,1,1
ade.sfda.gov.sa,1,1,1,1,1,1,1,1,1
safetydatasheets.pfizer.com,1,1,1,1,1,1,1,1,1
zetland.dk,1,1,1,1,1,1,1,1,1
s3.documentcloud.org,1,1,1,1,1,1,1,1,1
conservativeplaylist.com,1,1,1,1,1,1,1,1,1
rviv.ly,1,1,1,1,1,1,1,1,1
wibw.com,1,1,1,1,1,1,1,1,1
techtimes.com,1,1,1,1,1,1,1,1,1
whyy.org,1,1,1,1,1,1,1,1,1
ted.europa.eu,1,1,1,1,1,1,1,1,1
telegraaf.nl,1,1,1,1,1,1,1,1,1
castbox.fm,1,1,1,1,1,1,1,1,1
adj.free,1,1,1,1,1,1,1,1,1
telegraphindia.com,1,1,1,1,1,1,1,1,1
telex.hu,1,1,1,1,1,1,1,1,1
150.xxx,1,1,1,1,1,1,1,1,1
rumormillnews.com,1,1,1,1,1,1,1,1,1
adreports.eu,1,1,1,1,1,1,0,1,1
cbc.ca,1,1,1,1,1,1,1,1,1
zentrum-der-gesundheit.de,1,1,1,1,1,1,1,1,1
wired.com,1,1,1,1,1,1,1,1,1
wolna-polska.pl,1,1,1,1,1,1,1,1,1
cdn.pfizer.com,1,1,1,1,1,1,1,1,1
cdcwonder.gov,1,1,1,1,1,1,1,1,1
worthy.watch,1,1,1,1,1,1,1,1,1
cdc.wonder.gov,1,1,1,1,1,1,1,1,1
zeltaweb.com,1,1,1,1,1,1,1,1,1
t1p.de,1,1,1,1,1,1,1,1,1
zemavek.sk,1,1,1,1,1,1,1,1,1
tagesspiegel.de,1,1,1,1,1,1,1,1,1
cdc.vaers.gov,1,1,1,1,1,1,1,1,1
talktoalabama.tellitlikeitistalkshow.com,1,1,1,1,1,1,1,1,1
accinedeaths.com,1,1,1,1,1,1,1,1,1
wix.to,1,1,1,1,1,1,1,1,1
salk.edu,1,1,1,1,1,1,1,1,1
sakshi.com,1,1,1,1,1,1,1,1,1
tampabay.com,1,1,1,1,1,1,1,1,1
tandfonline.com,1,1,1,1,1,1,1,1,1
actuall.com,1,1,1,1,1,1,1,1,1
wkyt.com,1,1,1,1,1,1,0,1,1
saglik.gov.tr,1,1,1,1,1,1,1,1,1
cdc.com,1,1,1,1,1,1,1,1,1
conservativeplaybook.com,1,1,1,1,1,1,1,1,1
wkyc.com,1,1,1,1,1,1,1,1,1
scholar.google.es,1,1,1,1,1,1,1,1,1
coletividade-evolutiva.com.br,1,1,1,1,1,1,1,1,1
science.thewire.in,1,1,1,1,1,1,1,1,1
stefanmatunblog.wordpress.com,1,1,1,1,1,1,1,1,1
sin-jidai.ldblog.jp,1,1,1,1,1,1,1,1,1
coloradosun.com,1,1,1,1,1,1,1,1,1
sinntyounobiruyo.blog.fc2.com,1,1,1,1,1,1,1,1,1
scontent.xx.fbcdn.net,1,1,1,1,1,1,1,1,1
680news.com,1,1,1,1,1,1,1,1,1
click1.e.westernjournalism.com,1,1,1,1,1,1,1,1,1
scontent-iad3-1.xx.fbcdn.net,1,1,1,1,1,1,1,1,1
clearnfo.com,1,1,1,1,1,1,1,1,1
citizensjournal.us,1,1,1,1,1,1,1,1,1
citizensadvice.org.uk,1,1,1,1,1,1,0,1,1
skirsch.com,1,1,1,1,1,1,1,1,1
skyjuiceiswater.blogspot.com,1,1,1,1,1,1,1,1,1
slovanskenoviny.sk,1,1,1,1,1,1,1,1,1
scivisionpub.com,1,1,1,1,1,1,1,1,1
sltrib.com,1,1,1,1,1,1,1,1,1
24nyt.dk,1,1,1,1,1,1,1,1,1
xn--rels-bpa.il,1,1,1,1,1,1,1,1,1
smallbusiness.cafe,1,1,1,1,1,1,1,1,1
citizen.org,1,1,1,1,1,1,1,1,1
scientifique-en-chef.gouv.qc.ca,1,1,1,1,1,1,1,1,1
xn--lkemedelsverket-0kb.se,1,1,1,1,1,1,1,1,1
xn--jean-ren-i1a.com,1,1,1,1,1,1,0,1,1
scientificamerican.com,1,1,1,1,1,1,0,1,1
yourlogicalfallacyis.com,1,1,1,1,1,1,1,1,1
sic.fimea.fi,1,1,1,1,1,1,1,1,1
showme.co.za,1,1,1,1,1,1,1,1,1
sfgate.com,1,1,1,1,1,1,1,1,1
seethetruth.club,1,1,1,1,1,1,1,1,1
seetvnews.com,1,1,1,1,1,1,1,1,1
you.gov,1,1,1,1,1,1,1,1,1
sdnl.nl,1,1,1,1,1,1,1,1,1
cochrane.org,1,1,1,1,1,1,1,1,1
sendfilessecurely.com,1,1,1,1,1,1,1,1,1
sentinellecitoyenne.fr,1,1,1,1,1,1,1,1,1
you.you,1,1,1,1,1,1,1,1,1
coagulation.il,1,1,1,1,1,1,1,1,1
sfda.gov.sa,1,1,1,1,1,1,0,1,1
ygoon5lm6xpw2no6x2u3s4y5d4-adwhj77lcyoafdy-drrobertyoung-com.translate.goog,1,1,1,1,1,1,1,1,1
climatecontrarian.wordpress.com,1,1,1,1,1,1,1,1,1
yelp.com,1,1,1,1,1,1,1,1,1
clubderklarenworte.de,1,1,1,1,1,1,1,1,1
clthb.co,1,1,1,1,1,1,1,1,1
clouthubapp.page.link,1,1,1,1,1,1,1,1,1
38news.jp,1,1,1,1,1,1,1,1,1
3uwccsjj3w72ipjm3plp7tn64m-adwhj77lcyoafdy-vaccineimpact-com.translate.goog,1,1,1,1,1,1,1,1,1
scripta---manent.blogspot.com,1,1,1,1,1,1,1,1,1
clinicaltrial.gov,1,1,1,1,1,1,1,1,1
shiftfrequency.com,1,1,1,1,1,1,1,1,1
shopp.sakura.ne.jp,1,1,1,1,1,1,1,1,1
xn--healthimpactnews-1f2la.com,1,1,1,1,1,1,1,1,1
cincinnati.com,1,1,1,1,1,1,0,1,1
soberaniavenezuela.org,1,1,1,1,1,1,1,1,1
children.top,1,1,1,1,1,1,1,1,1
standard.co.uk,1,1,1,1,1,1,1,1,1
20min.ch,1,1,1,1,1,1,1,1,1
childrenhealthdefense.org,1,1,1,1,1,1,1,1,1
abc.es,1,1,1,1,1,1,1,1,1
started.law,1,1,1,1,1,1,1,1,1
sciencedaily.com,1,1,1,1,1,1,1,1,1
stat.gov.pl,1,1,1,1,1,1,1,1,1
childrenhealthdefence.org,1,1,1,1,1,1,1,1,1
scienceblogs.com,1,1,1,1,1,1,1,1,1
childrendefence.org,1,1,1,1,1,1,1,1,1
abc3340.com,1,1,1,1,1,1,1,1,1
ywnhmedia.com,1,1,1,1,1,1,1,1,1
stcouponcodes.com,1,1,1,1,1,1,1,1,1
wsmv.com,1,1,1,1,1,1,1,1,1
zdf.de,1,1,1,1,1,1,1,1,1
abc6onyourside.com,1,1,1,1,1,1,1,1,1
steam.media,1,1,1,1,1,1,1,1,1
abc7.com,1,1,1,1,1,1,1,1,1
zeenology.carrd.co,1,1,1,1,1,1,1,1,1
wpxi.com,1,1,1,1,1,1,1,1,1
worthylinks.com,1,1,1,1,1,1,1,1,1
commonwealthfund.org,1,1,1,1,1,1,1,1,1
aap.com.au,1,1,1,1,1,1,1,1,1
comilva.org,1,1,1,1,1,1,1,1,1
xn--bal-isa5g.ve,1,1,1,1,1,1,1,1,1
chng.it,1,1,1,1,1,1,1,1,1
social.media,1,1,1,1,1,1,1,1,1
socialbearing.com,1,1,1,1,1,1,1,1,1
sciencewithdrdoug.com,1,1,1,1,1,1,1,1,1
7.healthcare,1,1,1,1,1,1,1,1,1
828cloud.wordpress.com,1,1,1,1,1,1,1,1,1
wxyz.com,1,1,1,1,1,1,1,1,1
churchofgladtidings.com,1,1,1,1,1,1,1,1,1
aaaai.org,1,1,1,1,1,1,1,1,1
chroniclesmagazine.org,1,1,1,1,1,1,1,1,1
combattingmisinformation.wordpress.com,1,1,1,1,1,1,1,1,1
source.it,1,1,1,1,1,1,1,1,1
childrensdefence.org,1,1,1,1,1,1,0,1,1
sources.in,1,1,1,1,1,1,1,1,1
www1.racgp.org.au,1,1,1,1,1,1,1,1,1
childtraffickingorgans.blogspot.com,1,1,1,1,1,1,1,1,1
aabrennte.com,1,1,1,1,1,1,1,1,1
tenpennyresearchlibrary.com,1,1,1,1,1,1,1,1,1
spectrumnews.org,1,1,1,1,1,1,1,1,1
childrenshealthdefense-org.translate.goog,1,1,1,1,1,1,1,1,1
spinabifidaassociation.org,1,1,1,1,1,1,1,1,1
spreaker.com,1,1,1,1,1,1,1,1,1
sciencemediacentre.org,1,1,1,1,1,1,1,1,1
abc7ny.com,1,1,1,1,1,1,0,1,1
thebulgariantimes.com,1,1,1,1,1,1,1,1,1
tessa.substack.com,1,1,1,1,1,1,1,1,1
truth4freedom.wordpress.com,1,1,1,1,1,1,1,1,1
trib.al,1,1,1,1,1,1,1,1,1
verifythis.com,1,1,1,1,1,1,1,1,1
verificat.cat,1,1,1,1,1,1,1,1,1
verafiles.org,1,1,1,1,1,1,0,1,1
vears.wordpress.com,1,1,1,1,1,1,1,1,1
badcovid19takes.substack.com,1,1,1,1,1,1,1,1,1
amzn.to,1,1,1,1,1,1,1,1,1
trts.io,1,1,1,1,1,1,1,1,1
vaxxter.com,1,1,1,1,1,1,1,1,1
anarcolibertad.com,1,1,1,1,1,1,1,1,1
vaxperiment.com,1,1,1,1,1,1,1,1,1
azaudit.org,1,1,1,1,1,1,1,1,1
axios.com,1,1,1,1,1,1,1,1,1
vernoncoleman.com,1,1,1,1,1,1,1,1,1
truthref.wordpress.com,1,1,1,1,1,1,1,1,1
vaxpai.us,1,1,1,1,1,1,1,1,1
andrewbostom.org,1,1,1,1,1,1,1,1,1
truthunmasked.org,1,1,1,1,1,1,0,1,1
truthunmuted.org,1,1,1,1,1,1,1,1,1
tube.plandemia.news,1,1,1,1,1,1,1,1,1
angiesoptiongrm.org,1,1,1,1,1,1,1,1,1
tumia.org,1,1,1,1,1,1,1,1,1
vaxlonghaulers.com,1,1,1,1,1,1,1,1,1
tv2.no,1,1,1,1,1,1,1,1,1
tweetedtimes.com,1,1,1,1,1,1,1,1,1
vax.fox,1,1,1,1,1,1,1,1,1
bannedbook.org,1,1,1,1,1,1,1,1,1
trial.gov,1,1,1,1,1,1,1,1,1
cas.st,1,1,1,1,1,1,1,1,1
video.fc2.com,1,1,1,1,1,1,1,1,1
benzobuddies.org,1,1,1,1,1,1,1,1,1
tnc.news,1,1,1,1,1,1,1,1,1
altinget.dk,1,1,1,1,1,1,1,1,1
videos.it,1,1,1,1,1,1,1,1,1
beat.vaers.com,1,1,1,1,1,1,0,1,1
videos.files.wordpress.com,1,1,1,1,1,1,1,1,1
bcm.edu,1,1,1,1,1,1,1,1,1
today.rtl.lu,1,1,1,1,1,1,1,1,1
toi.in,1,1,1,1,1,1,1,1,1
video.wakkeren.nl,1,1,1,1,1,1,1,1,1
bc.ctvnews.ca,1,1,1,1,1,1,1,1,1
amarujala.com,1,1,1,1,1,1,1,1,1
video.canund.com,1,1,1,1,1,1,0,1,1
amp.scmp.com,1,1,1,1,1,1,1,1,1
totuusrokotteista.fi,1,1,1,1,1,1,1,1,1
townhall.com,1,1,1,1,1,1,1,1,1
toyokeizai.net,1,1,1,1,1,1,1,1,1
tr.euronews.com,1,1,1,1,1,1,1,1,1
amerikaninsesi.com,1,1,1,1,1,1,1,1,1
bbntimes.com,1,1,1,1,1,1,1,1,1
amigraineurslife.wordpress.com,1,1,1,1,1,1,1,1,1
amjmed.com,1,1,1,1,1,1,1,1,1
vestibular.org,1,1,1,1,1,1,1,1,1
trends.gab.com,1,1,1,1,1,1,1,1,1
barrett-brief.crusade-channel.libsynpro.com,1,1,1,1,1,1,1,1,1
amp.rp.pl,1,1,1,1,1,1,1,1,1
u.pcloud.link,1,1,1,1,1,1,1,1,1
ucsfhealth.org,1,1,1,1,1,1,1,1,1
ug.tsargrad.tv,1,1,1,1,1,1,1,1,1
vaccinechoicecanada.com,1,1,1,1,1,1,1,1,1
usareally.com,1,1,1,1,1,1,1,1,1
artemis2024.html.xdomain.jp,1,1,1,1,1,1,1,1,1
armstrongeconomics.com,1,1,1,1,1,1,0,1,1
aph.gov.au,1,1,1,1,1,1,1,1,1
archive.today,1,1,1,1,1,1,1,1,1
v.safe,1,1,1,1,1,1,1,1,1
vaccine-docs.pathcheck.org,1,1,1,1,1,1,1,1,1
vaers.hhh.gov,1,1,1,1,1,1,1,1,1
archive.randi.org,1,1,1,1,1,1,1,1,1
vaccine101.ca,1,1,1,1,1,1,1,1,1
vaccine4all.jp,1,1,1,1,1,1,1,1,1
vaers.hhf.gov,1,1,1,1,1,1,1,1,1
archive.fo,1,1,1,1,1,1,1,1,1
varmatin.com,1,1,1,1,1,1,1,1,1
arabnews.jp,1,1,1,1,1,1,1,1,1
vaers.hhc.gov,1,1,1,1,1,1,1,1,1
vaers.hgs.gov,1,1,1,1,1,1,1,1,1
apmnews.com,1,1,1,1,1,1,1,1,1
apple.news,1,1,1,1,1,1,1,1,1
vaccines.gov,1,1,1,1,1,1,1,1,1
vaccinesafety.edu,1,1,1,1,1,1,1,1,1
app.ens.domains,1,1,1,1,1,1,1,1,1
vactruth.com,1,1,1,1,1,1,1,1,1
app.getome.com,1,1,1,1,1,1,1,1,1
vacunas.org,1,1,1,1,1,1,1,1,1
vaers.as,1,1,1,1,1,1,1,1,1
asahi.com,1,1,1,1,1,1,1,1,1
usafacts.org,1,1,1,1,1,1,1,1,1
usa.il,1,1,1,1,1,1,1,1,1
usa.gov,1,1,1,1,1,1,1,1,1
vancouverisland.ctvnews.ca,1,1,1,1,1,1,1,1,1
vams.cdc.gov,1,1,1,1,1,1,1,1,1
uk.na,1,1,1,1,1,1,1,1,1
austingwalters.com,1,1,1,1,1,1,1,1,1
vaersreading.org,1,1,1,1,1,1,1,1,1
athanasios12.blogspot.com,1,1,1,1,1,1,1,1,1
astromaria.wordpress.com,1,1,1,1,1,1,1,1,1
assets.documentcloud.org,1,1,1,1,1,1,1,1,1
understandinganimalresearch.org.uk,1,1,1,1,1,1,1,1,1
unesdoc.unesco.org,1,1,1,1,1,1,1,1,1
anthonycolpo.com,1,1,1,1,1,1,1,1,1
uni.vi,1,1,1,1,1,1,1,1,1
unian.info,1,1,1,1,1,1,1,1,1
vaers.us,1,1,1,1,1,1,1,1,1
univision.com,1,1,1,1,1,1,1,1,1
unser-mitteleuropa.com,1,1,1,1,1,1,1,1,1
vaers.to,1,1,1,1,1,1,1,1,1
unz.com,1,1,1,1,1,1,1,1,1
anticominternblog.com,1,1,1,1,1,1,1,1,1
ao.no,1,1,1,1,1,1,1,1,1
uproxx.com,1,1,1,1,1,1,1,1,1
urn.kb.se,1,1,1,1,1,1,1,1,1
ascpt.onlinelibrary.wiley.com,1,1,1,1,1,1,1,1,1
us.archive.org,1,1,1,1,1,1,1,1,1
usa-vaers.com,1,1,1,1,1,1,1,1,1
tlgur.com,1,1,1,1,1,1,1,1,1
bestbeautyzone.com,1,1,1,1,1,1,1,1,1
besthinditech.com,1,1,1,1,1,1,1,1,1
bre.is,1,1,1,1,1,1,1,1,1
aflds.com,1,1,1,1,1,1,1,1,1
we.tl,1,1,1,1,1,1,1,1,1
businesswire.com,1,1,1,1,1,1,1,1,1
aflds.org,1,1,1,1,1,1,1,1,1
theepochtim.es,1,1,1,1,1,1,1,1,1
burbuja.info,1,1,1,1,1,1,1,1,1
theforum.sph.harvard.edu,1,1,1,1,1,1,1,1,1
wchh.onlinelibrary.wiley.com,1,1,1,1,1,1,1,1,1
bring-back-democracy.quora.com,1,1,1,1,1,1,1,1,1
breitbart.com,1,1,1,1,1,1,1,1,1
breaking911.com,1,1,1,1,1,1,1,1,1
way-2-go.no,1,1,1,1,1,1,1,1,1
aftonbladet.se,1,1,1,1,1,1,1,1,1
thenewamerican.com,1,1,1,1,1,1,1,1,1
theiowastandard.com,1,1,1,1,1,1,1,1,1
thejewishvoice.com,1,1,1,1,1,1,1,1,1
bostonherald.com,1,1,1,1,1,1,1,1,1
washingtonnewspost.com,1,1,1,1,1,1,1,1,1
borsen.dagbladet.no,1,1,1,1,1,1,1,1,1
washingtonexaminer.com,1,1,1,1,1,1,1,1,1
bnonews.com,1,1,1,1,1,1,1,1,1
blueanon.news,1,1,1,1,1,1,1,1,1
them.you,1,1,1,1,1,1,1,1,1
themadtruther.com,1,1,1,1,1,1,1,1,1
wapt.com,1,1,1,1,1,1,1,1,1
blogspot.net,1,1,1,1,1,1,1,1,1
buymeacoffee.com,1,1,1,1,1,1,1,1,1
thedesertreview.com,1,1,1,1,1,1,1,1,1
thedenverchannel.com,1,1,1,1,1,1,1,1,1
web.sapmed.ac.jp,1,1,1,1,1,1,1,1,1
carenet.com,1,1,1,1,1,1,1,1,1
whatreallyhappened.com,1,1,1,1,1,1,1,1,1
wgal.com,1,1,1,1,1,1,1,1,1
wfla.com,1,1,1,1,1,1,1,1,1
cardiometabolichealth.org,1,1,1,1,1,1,1,1,1
the-people-committee.com,1,1,1,1,1,1,1,1,1
the-sun.com,1,1,1,1,1,1,1,1,1
capnews.me,1,1,1,1,1,1,1,1,1
capitalhill.org,1,1,1,1,1,1,1,1,1
candidlyspeaking.net,1,1,1,1,1,1,1,1,1
ae-911truth.org,1,1,1,1,1,1,1,1,1
westernjournal.com,1,1,1,1,1,1,1,1,1
ca.wikiqube.net,1,1,1,1,1,1,1,1,1
theblacksphere.net,1,1,1,1,1,1,0,1,1
theblaze.com,1,1,1,1,1,1,1,1,1
vaers.co.uk,1,1,1,1,1,1,1,1,1
aems.tga.gov.au,1,1,1,1,1,1,1,1,1
c19ivermectin.com,1,1,1,1,1,1,1,1,1
c19hcq.com,1,1,1,1,1,1,1,1,1
websitefriend.com,1,1,1,1,1,1,1,1,1
c.data,1,1,1,1,1,1,1,1,1
affects.at,1,1,1,1,1,1,1,1,1
bzbasel.ch,1,1,1,1,1,1,1,1,1
thedavidknightshow.com,1,1,1,1,1,1,1,1,1
webcrawler.com,1,1,1,1,1,1,1,1,1
thename.org,1,1,1,1,1,1,1,1,1
thenewsminute.com,1,1,1,1,1,1,1,1,1
tkmk.biz,1,1,1,1,1,1,1,1,1
bild.de,1,1,1,1,1,1,1,1,1
blackjunction.com,1,1,1,1,1,1,1,1,1
thetruthrevolution.net,1,1,1,1,1,1,1,1,1
thetruthseeker.co.uk,1,1,1,1,1,1,1,1,1
biz-journal.jp,1,1,1,1,1,1,1,1,1
thewashingtoncountyauditor.com,1,1,1,1,1,1,1,1,1
bitchute.rocks,1,1,1,1,1,1,1,1,1
bioethics.georgetown.edu,1,1,1,1,1,1,1,1,1
binnie.medium.com,1,1,1,1,1,1,1,1,1
viriginastoner.com,1,1,1,1,1,1,1,1,1
biliyoruz.abc,1,1,1,1,1,1,1,1,1
thewrap.com,1,1,1,1,1,1,1,1,1
thinkinghousewife.com,1,1,1,1,1,1,1,1,1
allaboutpharmacovigilance.org,1,1,1,1,1,1,1,1,1
wapo.st,1,1,1,1,1,1,1,1,1
tidsskriftet.no,1,1,1,1,1,1,1,1,1
biblescienceforum.com,1,1,1,1,1,1,0,1,1
villagevoice.com,1,1,1,1,1,1,1,1,1
time.com,1,1,1,1,1,1,1,1,1
time.you,1,1,1,1,1,1,1,1,1
bfy.tw,1,1,1,1,1,1,1,1,1
alschner-klartext.b-cdn.net,1,1,1,1,1,1,1,1,1
bezdoz.info,1,1,1,1,1,1,1,1,1
timetofreeamerica.com,1,1,1,1,1,1,1,1,1
alternativenarrative.net,1,1,1,1,1,1,1,1,1
bewusteburgers.be,1,1,1,1,1,1,0,1,1
tinyl.io,1,1,1,1,1,1,1,1,1
alerts.org,1,1,1,1,1,1,1,1,1
alchemicalquality.wordpress.com,1,1,1,1,1,1,1,1,1
blinker.co.il,1,1,1,1,1,1,1,1,1
thetimes.co.uk,1,1,1,1,1,1,1,1,1
want.it,1,1,1,1,1,1,1,1,1
thepharmacynewsletter.com,1,1,1,1,1,1,1,1,1
wallstreetonparade.com,1,1,1,1,1,1,1,1,1
agenciaajn.com,1,1,1,1,1,1,1,1,1
agoravox.fr,1,1,1,1,1,1,1,1,1
aier.org,1,1,1,1,1,1,1,1,1
theplantstrongclub.org,1,1,1,1,1,1,1,1,1
theplatform.ie,1,1,1,1,1,1,1,1,1
thepn.org,1,1,1,1,1,1,1,1,1
w.vernoncoleman.com,1,1,1,1,1,1,1,1,1
vy.no,1,1,1,1,1,1,1,1,1
theprint.in,1,1,1,1,1,1,1,1,1
theragingpatriot.org,1,1,1,1,1,1,1,1,1
there.is.no,1,1,1,1,1,1,0,1,1
there.one,1,1,1,1,1,1,1,1,1
thereport.be,1,1,1,1,1,1,1,1,1
thescienceisin.com,1,1,1,1,1,1,1,1,1
volkskrant.nl,1,1,1,1,1,1,1,1,1
theshannonjoy.com,1,1,1,1,1,1,1,1,1
aimsib.org,1,1,1,1,1,1,1,1,1
vk.ovg.ox.ac.uk,1,1,1,1,1,1,0,1,1
thesovereignarchives.com,1,1,1,1,1,1,1,1,1
thespoof.com,1,1,1,1,1,1,1,1,1
thestandard.com.hk,1,1,1,1,1,1,1,1,1
blog.nihon-syakai.net,1,1,1,1,1,1,1,1,1
tocana.jp,1,1,1,1,1,1,1,1,1
greatreject.org,1,1,1,1,1,1,1,1,1
ru-an.info,1,1,1,1,1,1,1,1,1
finn.no,1,1,1,1,1,1,1,1,1
lepszezdrowie.info,1,1,1,1,1,1,1,1,1
fiercepharma.com,1,1,1,1,1,1,1,1,1
file.io,1,1,1,1,1,1,1,1,1
lecourrier-du-soir.com,1,1,1,1,1,1,1,1,1
fimea.fi,1,1,1,1,1,1,1,1,1
leadershipvision.net,1,1,1,1,1,1,1,1,1
lci.fr,1,1,1,1,1,1,1,1,1
letmegooglethat.com,1,1,1,1,1,1,1,1,1
firstpost.com,1,1,1,1,1,1,1,1,1
law.cornell.edu,1,1,1,1,1,1,1,1,1
fivedoves.com,1,1,1,1,1,1,1,1,1
latestnewssouthafrica.com,1,1,1,1,1,1,1,1,1
latestly.com,1,1,1,1,1,1,1,1,1
fluoridefreepeel.ca,1,1,1,1,1,1,1,1,1
fiercehealthcare.com,1,1,1,1,1,1,1,1,1
feedproxy.google.com,1,1,1,1,1,1,1,1,1
laprensadecolorado.com,1,1,1,1,1,1,1,1,1
lies.you,1,1,1,1,1,1,1,1,1
fakehunter.pap.pl,1,1,1,1,1,1,1,1,1
link.springer.com,1,1,1,1,1,1,1,1,1
ligeher.nu,1,1,1,1,1,1,1,1,1
fark.com,1,1,1,1,1,1,1,1,1
lifenews.com,1,1,1,1,1,1,1,1,1
lifehacker.com.au,1,1,1,1,1,1,1,1,1
lierposten.no,1,1,1,1,1,1,1,1,1
lgb2rsbk6auaxtwimfgegcjkxm-ac5fdsxevxq4s5y.translate.goog,1,1,1,1,1,1,1,1,1
lichtnahrung2015.wordpress.com,1,1,1,1,1,1,1,1,1
libertytree.news,1,1,1,1,1,1,1,1,1
libertyjournal.org,1,1,1,1,1,1,1,1,1
libertarianinstitute.org,1,1,1,1,1,1,1,1,1
liberopensiero2019.blogspot.com,1,1,1,1,1,1,1,1,1
fdanews.com,1,1,1,1,1,1,1,1,1
lapressa.it,1,1,1,1,1,1,1,1,1
lanuovabq.it,1,1,1,1,1,1,1,1,1
links.vrevealed.com,1,1,1,1,1,1,1,1,1
kaisertv.de,1,1,1,1,1,1,1,1,1
keamananvaksin.kemkes.go.id,1,1,1,1,1,1,1,1,1
kctv5.com,1,1,1,1,1,1,1,1,1
kaydetti.ge,1,1,1,1,1,1,1,1,1
fox6now.com,1,1,1,1,1,1,1,1,1
kapwi.ng,1,1,1,1,1,1,1,1,1
kanekashi.com,1,1,1,1,1,1,1,1,1
kaijansen.com,1,1,1,1,1,1,1,1,1
khanacademy.org,1,1,1,1,1,1,1,1,1
kabc.com,1,1,1,1,1,1,1,1,1
jvond.com,1,1,1,1,1,1,1,1,1
foxla.com,1,1,1,1,1,1,1,1,1
judicialwatch.org,1,1,1,1,1,1,1,1,1
foxsanantonio.com,1,1,1,1,1,1,1,1,1
fr.scribd.com,1,1,1,1,1,1,1,1,1
kentripotideas.wordpress.com,1,1,1,1,1,1,1,1,1
king5.com,1,1,1,1,1,1,1,1,1
forbes.com.mx,1,1,1,1,1,1,1,1,1
kristileightv.com,1,1,1,1,1,1,1,1,1
kw.be,1,1,1,1,1,1,1,1,1
kvoa.com,1,1,1,1,1,1,1,1,1
forum.chaudiere.ca,1,1,1,1,1,1,1,1,1
kutv.co.jp,1,1,1,1,1,1,1,1,1
fox11online.com,1,1,1,1,1,1,1,1,1
ktoe.com,1,1,1,1,1,1,1,1,1
fox13now.com,1,1,1,1,1,1,1,1,1
kmbc.com,1,1,1,1,1,1,1,1,1
kontasas.gr,1,1,1,1,1,1,1,1,1
konkret24.tvn24.pl,1,1,1,1,1,1,1,1,1
kommunikasjon.ntb.no,1,1,1,1,1,1,1,1,1
fox2now.com,1,1,1,1,1,1,1,1,1
knxslanvkkrl6ahfkt35fmjszm-ac5fdsxevxq4s5y-www-cdc-gov.translate.goog,1,1,1,1,1,1,1,1,1
knack.be,1,1,1,1,1,1,1,1,1
factuel.afp.com,1,1,1,1,1,1,1,1,1
linktr.ee,1,1,1,1,1,1,1,1,1
migueljara.com,1,1,1,1,1,1,1,1,1
etched.page,1,1,1,1,1,1,1,1,1
espanol.cdc.org,1,1,1,1,1,1,1,1,1
media.tghn.org,1,1,1,1,1,1,1,1,1
medalert.org,1,1,1,1,1,1,1,1,1
meandgin.blogspot.com,1,1,1,1,1,1,1,1,1
estacionclaridad.com.ar,1,1,1,1,1,1,1,1,1
mdlinx.com,1,1,1,1,1,1,1,1,1
mccairn.com,1,1,1,1,1,1,1,1,1
es.digitaltrends.com,1,1,1,1,1,1,1,1,1
matsumotoclinic.com,1,1,1,1,1,1,1,1,1
etsy.me,1,1,1,1,1,1,1,1,1
eu.freep.com,1,1,1,1,1,1,1,1,1
eudra.report,1,1,1,1,1,1,1,1,1
marie-claire-tellier.over-blog.com,1,1,1,1,1,1,1,1,1
mariawirthblog.wordpress.com,1,1,1,1,1,1,1,1,1
es.scribd.com,1,1,1,1,1,1,1,1,1
mediaunveiled.com,1,1,1,1,1,1,1,1,1
europarl.europa.eu,1,1,1,1,1,1,1,1,1
merck.com,1,1,1,1,1,1,1,1,1
emergence.quora.com,1,1,1,1,1,1,1,1,1
emergency.cdc.gov,1,1,1,1,1,1,1,1,1
meyersfremmedordbog.dk,1,1,1,1,1,1,1,1,1
mewe.com,1,1,1,1,1,1,1,1,1
emily-smith.net,1,1,1,1,1,1,1,1,1
mergeurl.com,1,1,1,1,1,1,1,1,1
employercovidpolicy.com,1,1,1,1,1,1,1,1,1
medicalracism.org,1,1,1,1,1,1,1,1,1
melhor.do,1,1,1,1,1,1,1,1,1
meehanmd.com,1,1,1,1,1,1,1,1,1
en.as.com,1,1,1,1,1,1,1,1,1
entnet.org,1,1,1,1,1,1,1,1,1
medika.life,1,1,1,1,1,1,1,1,1
medienorge.uib.no,1,1,1,1,1,1,1,1,1
euronews.com,1,1,1,1,1,1,1,1,1
mamot.fr,1,1,1,1,1,1,1,1,1
livelaw.in,1,1,1,1,1,1,1,1,1
factcheck.vlaanderen,1,1,1,1,1,1,1,1,1
lovinglifetv.com,1,1,1,1,1,1,1,1,1
facta.news,1,1,1,1,1,1,1,1,1
louis-pasteur.or.jp,1,1,1,1,1,1,1,1,1
loope.home.blog,1,1,1,1,1,1,1,1,1
look.at,1,1,1,1,1,1,1,1,1
lol.no,1,1,1,1,1,1,0,1,1
loc.gov,1,1,1,1,1,1,1,1,1
lunaticoutpost.com,1,1,1,1,1,1,1,1,1
lnkiy.in,1,1,1,1,1,1,1,1,1
factpact.org,1,1,1,1,1,1,1,1,1
12bytes.org,1,1,1,1,1,1,1,1,1
lmgtfy.app,1,1,1,1,1,1,1,1,1
lm.facebook.com,1,1,1,1,1,1,1,1,1
livemint.com,1,1,1,1,1,1,1,1,1
fact-check.org,1,1,1,1,1,1,1,1,1
lungenaerzte-im-netz.de,1,1,1,1,1,1,1,1,1
main.mohfw.gov.in,1,1,1,1,1,1,1,1,1
evolvetoecology.org,1,1,1,1,1,1,1,1,1
europepmc.org,1,1,1,1,1,1,1,1,1
mailaz.com,1,1,1,1,1,1,1,1,1
europost.gr,1,1,1,1,1,1,1,1,1
macrotrends.net,1,1,1,1,1,1,1,1,1
m24.no,1,1,1,1,1,1,1,1,1
event.data,1,1,1,1,1,1,1,1,1
expandingawarenessrelations.com,1,1,1,1,1,1,1,1,1
lyn.met.no,1,1,1,1,1,1,1,1,1
m.in,1,1,1,1,1,1,1,1,1
expreso.com.mx,1,1,1,1,1,1,1,1,1
m.economictimes.com,1,1,1,1,1,1,1,1,1
m.blog.naver.com,1,1,1,1,1,1,1,1,1
exstnc.com,1,1,1,1,1,1,0,1,1
m-cam.com,1,1,1,1,1,1,1,1,1
freedombunker.com,1,1,1,1,1,1,1,1,1
journals.sagepub.com,1,1,1,1,1,1,1,1,1
journals.lww.com,1,1,1,1,1,1,1,1,1
hosppeds.aappublications.org,1,1,1,1,1,1,1,1,1
htn.to,1,1,1,1,1,1,1,1,1
goodcitizen2021.wixsite.com,1,1,1,1,1,1,1,1,1
hpra.ie,1,1,1,1,1,1,0,1,1
houstonchronicle.com,1,1,1,1,1,1,1,1,1
google.be,1,1,1,1,1,1,1,1,1
hotair.com,1,1,1,1,1,1,1,1,1
hopefromholly.com,1,1,1,1,1,1,1,1,1
gooday.nikkei.co.jp,1,1,1,1,1,1,1,1,1
google.co.in,1,1,1,1,1,1,1,1,1
google.com.my,1,1,1,1,1,1,1,1,1
hnewswire.com,1,1,1,1,1,1,1,1,1
history.nih.gov,1,1,1,1,1,1,1,1,1
history.com,1,1,1,1,1,1,1,1,1
here-medalerts.org,1,1,1,1,1,1,1,1,1
huffpost.com,1,1,1,1,1,1,1,1,1
humansarefree-com.translate.goog,1,1,1,1,1,1,1,1,1
hello.besthinditech.com,1,1,1,1,1,1,1,1,1
gnac.pya.jp,1,1,1,1,1,1,1,1,1
gizmodo.com,1,1,1,1,1,1,1,1,1
ibtimes.co.uk,1,1,1,1,1,1,0,1,1
ibc24.in,1,1,1,1,1,1,1,1,1
glbnews.com,1,1,1,1,1,1,1,1,1
global-research.ca,1,1,1,1,1,1,1,1,1
globes.co.il,1,1,1,1,1,1,1,1,1
ia601500.us.archive.org,1,1,1,1,1,1,1,1,1
godskingdom.org,1,1,1,1,1,1,1,1,1
godlikeproductions.com,1,1,1,1,1,1,1,1,1
ia601401.us.archive.org,1,1,1,1,1,1,1,1,1
ia601401.us,1,1,1,1,1,1,1,1,1
i708.wordpress.com,1,1,1,1,1,1,1,1,1
i.imgur.com,1,1,1,1,1,1,1,1,1
i-uv.com,1,1,1,1,1,1,1,1,1
heraldscotland.com,1,1,1,1,1,1,1,1,1
heise.de,1,1,1,1,1,1,1,1,1
journalisten.no,1,1,1,1,1,1,1,1,1
hahahahahsha.you,1,1,1,1,1,1,1,1,1
hashtagify.me,1,1,1,1,1,1,1,1,1
govinfo.gov,1,1,1,1,1,1,1,1,1
harvardpilgrim.org,1,1,1,1,1,1,1,1,1
gracevanberkum.com,1,1,1,1,1,1,1,1,1
hankyung.com,1,1,1,1,1,1,1,1,1
halturnerradioshow.com,1,1,1,1,1,1,1,1,1
hagmannreport.com,1,1,1,1,1,1,1,1,1
healio.com,1,1,1,1,1,1,1,1,1
hackensackmeridianhealth.org,1,1,1,1,1,1,1,1,1
gyazo.com,1,1,1,1,1,1,1,1,1
guides.library.queensu.ca,1,1,1,1,1,1,1,1,1
gruizlegal.blogspot.com,1,1,1,1,1,1,1,1,1
grossmanite.medium.com,1,1,1,1,1,1,1,1,1
grantome.com,1,1,1,1,1,1,1,1,1
hcqmeta.com,1,1,1,1,1,1,1,1,1
government-canada.com,1,1,1,1,1,1,1,1,1
heavy.com,1,1,1,1,1,1,1,1,1
google.se,1,1,1,1,1,1,1,1,1
healthypeople.gov,1,1,1,1,1,1,1,1,1
healthy.save,1,1,1,1,1,1,1,1,1
healthy.co.uk,1,1,1,1,1,1,1,1,1
google.es,1,1,1,1,1,1,1,1,1
google.ie,1,1,1,1,1,1,1,1,1
google.pt,1,1,1,1,1,1,0,1,1
gospanews.net,1,1,1,1,1,1,1,1,1
gov.pl,1,1,1,1,1,1,1,1,1
healthcareitnews.com,1,1,1,1,1,1,1,1,1
healthcare.gov,1,1,1,1,1,1,1,1,1
healthaffairs.org,1,1,1,1,1,1,1,1,1
health.state.mn.us,1,1,1,1,1,1,1,1,1
health.mo.gov,1,1,1,1,1,1,1,1,1
gov.com,1,1,1,1,1,1,1,1,1
github.com,1,1,1,1,1,1,1,1,1
id2020.org,1,1,1,1,1,1,1,1,1
idan.dk,1,1,1,1,1,1,1,1,1
fvn.no,1,1,1,1,1,1,1,1,1
j.mp,1,1,1,1,1,1,1,1,1
itavisen.no,1,1,1,1,1,1,1,1,1
italian.tech,1,1,1,1,1,1,1,1,1
it.vogon.today,1,1,1,1,1,1,1,1,1
it.as,1,1,1,1,1,1,1,1,1
futurez.world,1,1,1,1,1,1,1,1,1
is.fi,1,1,1,1,1,1,1,1,1
jab.in,1,1,1,1,1,1,1,1,1
ip4pi.wordpress.com,1,1,1,1,1,1,1,1,1
iovs.arvojournals.org,1,1,1,1,1,1,1,1,1
iol.co.za,1,1,1,1,1,1,1,1,1
ioib46bfh5h7ddhlcnecpyxc64-adwhj77lcyoafdy-collective-evolution.translate.goog,1,1,1,1,1,1,1,1,1
investor.dn.no,1,1,1,1,1,1,1,1,1
g7uk.org,1,1,1,1,1,1,1,1,1
ja.ma,1,1,1,1,1,1,1,1,1
jacarandafm.com,1,1,1,1,1,1,1,1,1
gigazine.net,1,1,1,1,1,1,1,1,1
johnsonandtoxin.com,1,1,1,1,1,1,1,1,1
journaldemontreal.com,1,1,1,1,1,1,1,1,1
journal.kansensho.or.jp,1,1,1,1,1,1,1,1,1
journal.ie,1,1,1,1,1,1,1,1,1
jornada.com.mx,1,1,1,1,1,1,1,1,1
freedommag.org,1,1,1,1,1,1,1,1,1
joppp.biomedcentral.com,1,1,1,1,1,1,1,1,1
freedomsphoenix.com,1,1,1,1,1,1,1,1,1
fs.blog,1,1,1,1,1,1,1,1,1
jeugdjournaal.nl,1,1,1,1,1,1,1,1,1
fresheralert.in,1,1,1,1,1,1,1,1,1
jeffreydachmd.com,1,1,1,1,1,1,1,1,1
jdfarag.org,1,1,1,1,1,1,1,1,1
jccf.ca,1,1,1,1,1,1,1,1,1
jbiomedsem.biomedcentral.com,1,1,1,1,1,1,1,1,1
gabtimes.com,1,1,1,1,1,1,1,1,1
instituteforgovernment.org.uk,1,1,1,1,1,1,1,1,1
gamp.ameblo.jp,1,1,1,1,1,1,1,1,1
imdb.com,1,1,1,1,1,1,1,1,1
independent.co.uk,1,1,1,1,1,1,1,1,1
geoengineeringwatch.org,1,1,1,1,1,1,1,1,1
indeed.com,1,1,1,1,1,1,1,1,1
impactnews.com,1,1,1,1,1,1,1,1,1
imolaoggi.it,1,1,1,1,1,1,1,1,1
georgeartem.com,1,1,1,1,1,1,1,1,1
images.squarespace-cdn.com,1,1,1,1,1,1,1,1,1
instagr.am,1,1,1,1,1,1,1,1,1
getpocket.com,1,1,1,1,1,1,1,1,1
gezondheidsraad.nl,1,1,1,1,1,1,1,1,1
ijvtpr.com,1,1,1,1,1,1,1,1,1
ijr.com,1,1,1,1,1,1,1,1,1
ijidonline.com,1,1,1,1,1,1,1,1,1
gforce.network,1,1,1,1,1,1,1,1,1
independentsentinel.com,1,1,1,1,1,1,1,1,1
genuineprospect.com,1,1,1,1,1,1,1,1,1
ined.fr,1,1,1,1,1,1,1,1,1
infarmed.pt,1,1,1,1,1,1,1,1,1
info.gov.hk,1,1,1,1,1,1,1,1,1
geinou.4g63evo.net,1,1,1,1,1,1,1,1,1
infomirsk.org,1,1,1,1,1,1,1,1,1
gegonotstomikroskpio.com,1,1,1,1,1,1,1,1,1
gavi.org,1,1,1,1,1,1,1,1,1
gatheryourwits.com,1,1,1,1,1,1,1,1,1
ing.de,1,1,1,1,1,1,1,1,1
gatesnotes.com,1,1,1,1,1,1,1,1,1
innovativescience.net,1,1,1,1,1,1,1,1,1
ino.to,1,1,1,1,1,1,1,1,1
insidehalton.com,1,1,1,1,1,1,1,1,1
insidejobjp.blogspot.com,1,1,1,1,1,1,1,1,1
insider.com,1,1,1,1,1,1,1,1,1
eluniversal.com.mx,1,1,1,1,1,1,1,1,1
milanofinanza.it,1,1,1,1,1,1,1,1,1
rtbf.be,1,1,1,1,1,1,1,1,1
postimg.cc,1,1,1,1,1,1,1,1,1
crowdbunker.com,1,1,1,1,1,1,1,1,1
crsreports.congress.gov,1,1,1,1,1,1,1,1,1
pressat.co.uk,1,1,1,1,1,1,1,1,1
ctnewsjunkie.com,1,1,1,1,1,1,1,1,1
cureus.com,1,1,1,1,1,1,1,1,1
ppjg.me,1,1,1,1,1,1,1,1,1
portal.ct.gov,1,1,1,1,1,1,1,1,1
princess-health.com,1,1,1,1,1,1,1,1,1
cuttingthroughthefogcom.files.wordpress.com,1,1,1,1,1,1,1,1,1
politikstube.com,1,1,1,1,1,1,1,1,1
cuzzblue.com,1,1,1,1,1,1,1,1,1
politicalhaven.forumotion.com,1,1,1,1,1,1,1,1,1
politicalbuzz.tumblr.com,1,1,1,1,1,1,1,1,1
cv19.fr,1,1,1,1,1,1,1,1,1
primaryreporting.who-umc.org,1,1,1,1,1,1,1,1,1
criticascience.org,1,1,1,1,1,1,1,1,1
plandemicseries.com,1,1,1,1,1,1,1,1,1
protectthepets.com,1,1,1,1,1,1,1,1,1
published.so,1,1,1,1,1,1,1,1,1
publichealthscotland.scot,1,1,1,1,1,1,1,1,1
greekreporter.com,1,1,1,1,1,1,1,1,1
pubchem.ncbi.nlm.nih.gov,1,1,1,1,1,1,1,1,1
cp24.com,1,1,1,1,1,1,1,1,1
provincetownindependent.org,1,1,1,1,1,1,1,1,1
pronoun.is,1,1,1,1,1,1,0,1,1
proefdiervrij.nl,1,1,1,1,1,1,1,1,1
pronoun-provider.tumblr.com,1,1,1,1,1,1,1,1,1
creation.com,1,1,1,1,1,1,1,1,1
projectarachnid.ca,1,1,1,1,1,1,1,1,1
progresshawk.wordpress.com,1,1,1,1,1,1,1,1,1
profootballtalk.nbcsports.com,1,1,1,1,1,1,1,1,1
profidecatholica.com,1,1,1,1,1,1,1,1,1
cvp-pcv.hc-sc.gc.ca,1,1,1,1,1,1,1,1,1
physiciansforinformedconsent.org,1,1,1,1,1,1,0,1,1
covidcalltohumanity.org,1,1,1,1,1,1,1,1,1
dailypress.com,1,1,1,1,1,1,1,1,1
patents.google.com,1,1,1,1,1,1,1,1,1
pas.la,1,1,1,1,1,1,1,1,1
partneringwitheagles.wordpress.com,1,1,1,1,1,1,1,1,1
particleandfibretoxicology.biomedcentral.com,1,1,1,1,1,1,1,1,1
dailyexpose-co-uk.translate.goog,1,1,1,1,1,1,1,1,1
parentology.com,1,1,1,1,1,1,1,1,1
paradyzja.com,1,1,1,1,1,1,1,1,1
dailyallegiant.com,1,1,1,1,1,1,1,1,1
dailysceptic.org,1,1,1,1,1,1,1,1,1
dailywire.com,1,1,1,1,1,1,1,1,1
p30yyt2pmi9z.blog.fc2.com,1,1,1,1,1,1,1,1,1
darpa.mil,1,1,1,1,1,1,1,1,1
oxygen.truth4free.com,1,1,1,1,1,1,1,1,1
over-2023.so,1,1,1,1,1,1,1,1,1
dailyexpose-co-uk.cdn.ampproject.org,1,1,1,1,1,1,1,1,1
daily.news.lifesitenews.com,1,1,1,1,1,1,1,1,1
photos.app.goo.gl,1,1,1,1,1,1,1,1,1
pharmacytimes.com,1,1,1,1,1,1,1,1,1
photoninthedarkness.blogspot.com,1,1,1,1,1,1,1,1,1
photoeditshop012.blogspot.com,1,1,1,1,1,1,1,1,1
cz24.news,1,1,1,1,1,1,1,1,1
dafoloforlag.dk,1,1,1,1,1,1,1,1,1
phillyvoice.com,1,1,1,1,1,1,1,1,1
phe.gov,1,1,1,1,1,1,1,1,1
pharmaceuticalfraud.com,1,1,1,1,1,1,1,1,1
periktioni.blogspot.com,1,1,1,1,1,1,1,1,1
pharmaceutical-technology.com,1,1,1,1,1,1,1,1,1
pfizersafetyreporting.com,1,1,1,1,1,1,1,1,1
pfizer.nl,1,1,1,1,1,1,1,1,1
pfizer.co.jp,1,1,1,1,1,1,1,1,1
period.in,1,1,1,1,1,1,1,1,1
period.how,1,1,1,1,1,1,1,1,1
publishedreporter.com,1,1,1,1,1,1,1,1,1
purevaers.com,1,1,1,1,1,1,1,1,1
eltorotv.com,1,1,1,1,1,1,1,1,1
corporatecomplianceinsights.com,1,1,1,1,1,1,1,1,1
revespcardiol.org,1,1,1,1,1,1,1,1,1
corona-ausschuss.de,1,1,1,1,1,1,1,1,1
corona-blog.net,1,1,1,1,1,1,1,1,1
respekt.plus,1,1,1,1,1,1,1,1,1
coronavirus.dc.gov,1,1,1,1,1,1,1,1,1
coronavirus.quora.com,1,1,1,1,1,1,1,1,1
res.mdpi.com,1,1,1,1,1,1,1,1,1
revwinnhendersonmd.medium.com,1,1,1,1,1,1,1,1,1
repustar.com,1,1,1,1,1,1,1,1,1
corporateeurope.org,1,1,1,1,1,1,1,1,1
report3-19-21-4-05-21.pn,1,1,1,1,1,1,1,1,1
correctiv.org,1,1,1,1,1,1,1,1,1
report.no,1,1,1,1,1,1,1,1,1
report.link,1,1,1,1,1,1,1,1,1
revivaltoday.tv,1,1,1,1,1,1,1,1,1
richieallen.co.uk,1,1,1,1,1,1,1,1,1
corvelva.it,1,1,1,1,1,1,0,1,1
contractsfinder.service.gov.uk,1,1,1,1,1,1,1,1,1
consumidoresorganicos.org,1,1,1,1,1,1,1,1,1
rss.cnn.com,1,1,1,1,1,1,1,1,1
contactazmedical.astrazeneca.com,1,1,1,1,1,1,1,1,1
contagionlive.com,1,1,1,1,1,1,1,1,1
rougereview.net,1,1,1,1,1,1,1,1,1
rollingstone.com,1,1,1,1,1,1,1,1,1
controlgroup.science,1,1,1,1,1,1,1,1,1
coreysdigs.com,1,1,1,1,1,1,1,1,1
rlstoner.shinyapps.io,1,1,1,1,1,1,1,1,1
rki.de,1,1,1,1,1,1,1,1,1
rip.ie,1,1,1,1,1,1,1,1,1
coparents4vax.org,1,1,1,1,1,1,1,1,1
rightofchoice.org,1,1,1,1,1,1,1,1,1
riffreporter.de,1,1,1,1,1,1,1,1,1
renzlaw.godaddysites.com,1,1,1,1,1,1,1,1,1
renewamerica.com,1,1,1,1,1,1,1,1,1
purpose.you,1,1,1,1,1,1,1,1,1
r.search.yahoo.com,1,1,1,1,1,1,1,1,1
rand.org,1,1,1,1,1,1,1,1,1
ramblalibre.com,1,1,1,1,1,1,1,1,1
rairfoundation.com,1,1,1,1,1,1,1,1,1
raimanet.wordpress.com,1,1,1,1,1,1,1,1,1
covid19vaccine436542025.com,1,1,1,1,1,1,1,1,1
radiopatriot.files.wordpress.com,1,1,1,1,1,1,1,1,1
questioningcovid.com,1,1,1,1,1,1,1,1,1
ratical.org,1,1,1,1,1,1,1,1,1
questioned.in,1,1,1,1,1,1,1,1,1
covid19vaccinetrial.web.ox.ac.uk,1,1,1,1,1,1,1,1,1
qoo.ly,1,1,1,1,1,1,1,1,1
qnnjapan.wordpress.com,1,1,1,1,1,1,1,1,1
qcovid.org,1,1,1,1,1,1,1,1,1
puthiyathalaimurai.com,1,1,1,1,1,1,1,1,1
rannymedia.blogspot.com,1,1,1,1,1,1,1,1,1
rationalnuggets.com,1,1,1,1,1,1,1,1,1
covid-vaccine.canada.ca,1,1,1,1,1,1,1,1,1
reclaimthenet.org,1,1,1,1,1,1,1,1,1
covid.aiims.edu,1,1,1,1,1,1,1,1,1
redstate.com,1,1,1,1,1,1,1,1,1
redpillmedia.fi,1,1,1,1,1,1,1,1,1
covid.daystar.com,1,1,1,1,1,1,1,1,1
covid.et,1,1,1,1,1,1,1,1,1
recombinomics.co,1,1,1,1,1,1,1,1,1
recallgavin2020.com,1,1,1,1,1,1,1,1,1
covid19critical.com,1,1,1,1,1,1,1,1,1
rebelnews.com,1,1,1,1,1,1,1,1,1
realconservativesunite.com,1,1,1,1,1,1,1,1,1
reactions.is,1,1,1,1,1,1,1,1,1
rd.nl,1,1,1,1,1,1,0,1,1
rb.gy,1,1,1,1,1,1,1,1,1
rayviolet.blogspot.com,1,1,1,1,1,1,1,1,1
ovc.uoguelph.ca,1,1,1,1,1,1,1,1,1
data.cdc.gov,1,1,1,1,1,1,1,1,1
data.no,1,1,1,1,1,1,1,1,1
nczas.com,1,1,1,1,1,1,1,1,1
new.finalcall.com,1,1,1,1,1,1,1,1,1
dysautonomiainternational.org,1,1,1,1,1,1,1,1,1
e.pcloud.link,1,1,1,1,1,1,1,1,1
nederlandonsland.nl,1,1,1,1,1,1,1,1,1
e.u.report,1,1,1,1,1,1,1,1,1
ndtv.com,1,1,1,1,1,1,1,1,1
ncovd.org,1,1,1,1,1,1,1,1,1
drummelhund.ch,1,1,1,1,1,1,1,1,1
eastonspectator.com,1,1,1,1,1,1,1,1,1
ec.europa.eu,1,1,1,1,1,1,1,1,1
nbcboston.com,1,1,1,1,1,1,1,1,1
nbc25news.com,1,1,1,1,1,1,1,1,1
nbc12.com,1,1,1,1,1,1,1,1,1
naturalselections.substack.com,1,1,1,1,1,1,1,1,1
newage3.net,1,1,1,1,1,1,1,1,1
newmarkettoday.ca,1,1,1,1,1,1,1,1,1
nationwidechildrens.org,1,1,1,1,1,1,1,1,1
news18.com,1,1,1,1,1,1,1,1,1
newsmeter.in,1,1,1,1,1,1,1,1,1
newsmax.com,1,1,1,1,1,1,1,1,1
dph.illinois.gov,1,1,1,1,1,1,1,1,1
dr.dk,1,1,1,1,1,1,1,1,1
newsbeezer.com,1,1,1,1,1,1,1,1,1
drleemerritt.com,1,1,1,1,1,1,1,1,1
drmalcolmkendrick.org,1,1,1,1,1,1,0,1,1
drugs.com,1,1,1,1,1,1,1,1,1
drpaulcoronamd.com,1,1,1,1,1,1,1,1,1
drsircus.com,1,1,1,1,1,1,1,1,1
news.sky.com,1,1,1,1,1,1,1,1,1
news.livedoor.com,1,1,1,1,1,1,1,1,1
news.com,1,1,1,1,1,1,1,1,1
news.besthinditech.com,1,1,1,1,1,1,1,1,1
naturalblaze.com,1,1,1,1,1,1,1,1,1
ecoyoko.fc2.net,1,1,1,1,1,1,1,1,1
ourtube.co.uk,1,1,1,1,1,1,1,1,1
mlpol.net,1,1,1,1,1,1,1,1,1
electricsense.com,1,1,1,1,1,1,1,1,1
electroverse.net,1,1,1,1,1,1,1,1,1
elmundo.es,1,1,1,1,1,1,1,1,1
elplaneta.mx,1,1,1,1,1,1,1,1,1
mobile-reuters-com.cdn.ampproject.org,1,1,1,1,1,1,1,1,1
mo5jj6qkgev7ycwtui5zkfdqnq-ac5fdsxevxq4s5y.translate.goog,1,1,1,1,1,1,1,1,1
mkeenan.ie,1,1,1,1,1,1,0,1,1
monde.taibaweb.com,1,1,1,1,1,1,1,1,1
elreporterosf.com,1,1,1,1,1,1,1,1,1
mises.org,1,1,1,1,1,1,1,1,1
mirror.co.uk,1,1,1,1,1,1,1,1,1
else.so,1,1,1,1,1,1,1,1,1
mimikama.at,1,1,1,1,1,1,0,1,1
military.net,1,1,1,1,1,1,1,1,1
eleconomista.es,1,1,1,1,1,1,1,1,1
mondialisation.ca,1,1,1,1,1,1,1,1,1
nationalpost.com,1,1,1,1,1,1,1,1,1
efe.com,1,1,1,1,1,1,1,1,1
ecs.page.link,1,1,1,1,1,1,1,1,1
edcdeveloper.files.wordpress.com,1,1,1,1,1,1,1,1,1
eduardvanbrakel.wordpress.com,1,1,1,1,1,1,0,1,1
edwardnirenberg.medium.com,1,1,1,1,1,1,1,1,1
nach.es,1,1,1,1,1,1,0,1,1
n-tv.de,1,1,1,1,1,1,1,1,1
mythreadreader.com,1,1,1,1,1,1,1,1,1
moneyrang.org,1,1,1,1,1,1,1,1,1
myfox28columbus.com,1,1,1,1,1,1,1,1,1
eksisozluk.com,1,1,1,1,1,1,1,1,1
msmyslov.livejournal.com,1,1,1,1,1,1,1,1,1
mrlhood.com,1,1,1,1,1,1,1,1,1
mpr21.info,1,1,1,1,1,1,1,1,1
elcolectivodeuno.wordpress.com,1,1,1,1,1,1,1,1,1
newsnow.co.uk,1,1,1,1,1,1,1,1,1
newsroom.heart.org,1,1,1,1,1,1,1,1,1
newsroom.uw.edu,1,1,1,1,1,1,1,1,1
obenvaers.com,1,1,1,1,1,1,1,1,1
demorgen.be,1,1,1,1,1,1,1,1,1
odysseiatv.blogspot.com,1,1,1,1,1,1,1,1,1
depopulation.news,1,1,1,1,1,1,1,1,1
odpriteoci.com,1,1,1,1,1,1,1,1,1
odkrywamyzdrowie.pl,1,1,1,1,1,1,1,1,1
desmoinesregister.com,1,1,1,1,1,1,1,1,1
oal.lu,1,1,1,1,1,1,1,1,1
ohiochannel.org,1,1,1,1,1,1,1,1,1
nz.finance.yahoo.com,1,1,1,1,1,1,1,1,1
dfly.no,1,1,1,1,1,1,1,1,1
nyti.ms,1,1,1,1,1,1,1,1,1
dgpi.de,1,1,1,1,1,1,1,1,1
nymag.com,1,1,1,1,1,1,1,1,1
ny1.com,1,1,1,1,1,1,1,1,1
ohchr.org,1,1,1,1,1,1,0,1,1
olisticbe.wordpress.com,1,1,1,1,1,1,1,1,1
dpbh.nv.gov,1,1,1,1,1,1,1,1,1
ordomedicus.org,1,1,1,1,1,1,1,1,1
otevrisvoumysl.cz,1,1,1,1,1,1,1,1,1
datosmacro.com,1,1,1,1,1,1,1,1,1
osha.gov,1,1,1,1,1,1,1,1,1
osf.io,1,1,1,1,1,1,1,1,1
orwell.city,1,1,1,1,1,1,1,1,1
orthomoleculary.org,1,1,1,1,1,1,1,1,1
oracle.com,1,1,1,1,1,1,1,1,1
defense.org,1,1,1,1,1,1,1,1,1
operationrescue.org,1,1,1,1,1,1,1,1,1
open.vaers.com,1,1,1,1,1,1,1,1,1
de.statista.com,1,1,1,1,1,1,1,1,1
opb.org,1,1,1,1,1,1,1,1,1
death.it,1,1,1,1,1,1,1,1,1
onlinenigeria.com,1,1,1,1,1,1,1,1,1
nunato.net,1,1,1,1,1,1,1,1,1
discovermagazine.com,1,1,1,1,1,1,1,1,1
disinfobservatory.org,1,1,1,1,1,1,1,1,1
niaid.nih.gov,1,1,1,1,1,1,1,1,1
docviewer.yandex.com,1,1,1,1,1,1,0,1,1
doi.org,1,1,1,1,1,1,1,1,1
dolu.google,1,1,1,1,1,1,0,1,1
nicolaporro.it,1,1,1,1,1,1,1,1,1
nico.ms,1,1,1,1,1,1,1,1,1
niapurenaturecom.wordpress.com,1,1,1,1,1,1,0,1,1
nhs.net,1,1,1,1,1,1,1,1,1
nowliberty.com,1,1,1,1,1,1,1,1,1
donpaulwearerev.com,1,1,1,1,1,1,1,1,1
newzworldtoday.com,1,1,1,1,1,1,1,1,1
dorzeczy.pl,1,1,1,1,1,1,1,1,1
doweneedthis.org,1,1,1,1,1,1,1,1,1
download2261.mediafire.com,1,1,1,1,1,1,1,1,1
newsvoice.se,1,1,1,1,1,1,1,1,1
nikosxeiladakis.gr,1,1,1,1,1,1,1,1,1
ninds.nih.gov,1,1,1,1,1,1,1,1,1
documentcloud.org,1,1,1,1,1,1,1,1,1
nl.m.wikipedia.org,1,1,1,1,1,1,1,1,1
nltimes.nl,1,1,1,1,1,1,1,1,1
doctorsforcovidethics.org,1,1,1,1,1,1,1,1,1
nola.com,1,1,1,1,1,1,1,1,1
doctors4covidethics.org,1,1,1,1,1,1,1,1,1
docdro.id,1,1,1,1,1,1,1,1,1
docbastard.net,1,1,1,1,1,1,1,1,1
doc-0c-74-docs.googleusercontent.com,1,1,1,1,1,1,1,1,1
norway.like,1,1,1,1,1,1,0,1,1
dkr.dk,1,1,1,1,1,1,1,1,1
djhjmedia.com,1,1,1,1,1,1,1,1,1
notificacentroamerica.net,1,1,1,1,1,1,1,1,1
distraction.news,1,1,1,1,1,1,1,1,1
novelscience.substack.com,1,1,1,1,1,1,1,1,1
covidvictims.com,1,1,1,1,1,1,1,1,1
