url,ip,asn,org,#queries,#apexes
https://www.linkedin.com/feed/update/urn:li:share:6701209108458086400,13.107.42.14,AS8068,MICROSOFT-CORP-MSN-AS-BLOCK,2273869086,6
https://www.linkedin.com/feed/update/urn:li:share:6702415011215659009,13.107.42.14,AS8068,MICROSOFT-CORP-MSN-AS-BLOCK,2273869086,6
https://www.linkedin.com/,13.107.42.14,AS8068,MICROSOFT-CORP-MSN-AS-BLOCK,2273869086,6
https://www.linkedin.com/feed/update/urn:li:share:6703134168190074880,13.107.42.14,AS8068,MICROSOFT-CORP-MSN-AS-BLOCK,2273869086,6
https://www.linkedin.com/feed/update/urn:li:share:6704127849294573568,13.107.42.14,AS8068,MICROSOFT-CORP-MSN-AS-BLOCK,2273869086,6
https://www.linkedin.com/feed/update/urn:li:share:6706688437933658112,13.107.42.14,AS8068,MICROSOFT-CORP-MSN-AS-BLOCK,2273869086,6
https://www.linkedin.com/feed/update/urn:li:share:6706899502860668929,13.107.42.14,AS8068,MICROSOFT-CORP-MSN-AS-BLOCK,2273869086,6
https://www.linkedin.com/feed/update/urn:li:share:6706957508000530432,13.107.42.14,AS8068,MICROSOFT-CORP-MSN-AS-BLOCK,2273869086,6
https://www.linkedin.com/feed/update/urn:li:share:6707225903912513537,13.107.42.14,AS8068,MICROSOFT-CORP-MSN-AS-BLOCK,2273869086,6
https://www.linkedin.com/feed/update/urn:li:share:6707263103760928768,13.107.42.14,AS8068,MICROSOFT-CORP-MSN-AS-BLOCK,2273869086,6
https://www.linkedin.com/signup/cold-join?session_redirect=https://www.linkedin.com/feed/update/urn:li:share:6707303420442869760,13.107.42.14,AS8068,MICROSOFT-CORP-MSN-AS-BLOCK,2273869086,6
https://www.linkedin.com/feed/update/urn:li:share:6707388550784049152,13.107.42.14,AS8068,MICROSOFT-CORP-MSN-AS-BLOCK,2273869086,6
https://www.linkedin.com/feed/update/urn:li:share:6707519544820301824,13.107.42.14,AS8068,MICROSOFT-CORP-MSN-AS-BLOCK,2273869086,6
https://www.linkedin.com/feed/update/urn:li:share:6707941330934349824,13.107.42.14,AS8068,MICROSOFT-CORP-MSN-AS-BLOCK,2273869086,6
https://www.linkedin.com/feed/update/urn:li:share:6708379759782461440,13.107.42.14,AS8068,MICROSOFT-CORP-MSN-AS-BLOCK,2273869086,6
https://www.linkedin.com/feed/update/urn:li:share:6708741742981627904,13.107.42.14,AS8068,MICROSOFT-CORP-MSN-AS-BLOCK,2273869086,6
https://www.linkedin.com/feed/update/urn:li:share:6708969247034417152,13.107.42.14,AS8068,MICROSOFT-CORP-MSN-AS-BLOCK,2273869086,6
https://www.linkedin.com/feed/update/urn:li:share:6709150625986293760,13.107.42.14,AS8068,MICROSOFT-CORP-MSN-AS-BLOCK,2273869086,6
https://www.linkedin.com/feed/update/urn:li:share:6709353667780202496,13.107.42.14,AS8068,MICROSOFT-CORP-MSN-AS-BLOCK,2273869086,6
https://www.linkedin.com/feed/update/urn:li:share:6709360895958495232,13.107.42.14,AS8068,MICROSOFT-CORP-MSN-AS-BLOCK,2273869086,6
https://www.linkedin.com/feed/update/urn:li:share:6709364529718939648,13.107.42.14,AS8068,MICROSOFT-CORP-MSN-AS-BLOCK,2273869086,6
https://www.linkedin.com/feed/update/urn:li:share:6709372777780015104,13.107.42.14,AS8068,MICROSOFT-CORP-MSN-AS-BLOCK,2273869086,6
https://www.linkedin.com/feed/update/urn:li:share:6709375349794377728,13.107.42.14,AS8068,MICROSOFT-CORP-MSN-AS-BLOCK,2273869086,6
https://www.linkedin.com/feed/update/urn:li:share:6709379799611125760,13.107.42.14,AS8068,MICROSOFT-CORP-MSN-AS-BLOCK,2273869086,6
https://www.linkedin.com/feed/update/urn:li:share:6709400902815543296,13.107.42.14,AS8068,MICROSOFT-CORP-MSN-AS-BLOCK,2273869086,6
https://www.linkedin.com/feed/update/urn:li:share:6709424538611929088,13.107.42.14,AS8068,MICROSOFT-CORP-MSN-AS-BLOCK,2273869086,6
https://www.linkedin.com/feed/update/urn:li:share:6709432707669086208,13.107.42.14,AS8068,MICROSOFT-CORP-MSN-AS-BLOCK,2273869086,6
https://www.linkedin.com/feed/update/urn:li:share:6709463985718087681,13.107.42.14,AS8068,MICROSOFT-CORP-MSN-AS-BLOCK,2273869086,6
https://www.linkedin.com/feed/update/urn:li:share:6709470102649098240,13.107.42.14,AS8068,MICROSOFT-CORP-MSN-AS-BLOCK,2273869086,6
https://www.linkedin.com/feed/update/urn:li:share:6709509681242505216,13.107.42.14,AS8068,MICROSOFT-CORP-MSN-AS-BLOCK,2273869086,6
https://www.linkedin.com/feed/update/urn:li:share:6709514040433008640,13.107.42.14,AS8068,MICROSOFT-CORP-MSN-AS-BLOCK,2273869086,6
https://www.linkedin.com/feed/update/urn:li:share:6709518615860932608,13.107.42.14,AS8068,MICROSOFT-CORP-MSN-AS-BLOCK,2273869086,6
https://www.linkedin.com/feed/update/urn:li:share:6709528538124484608,13.107.42.14,AS8068,MICROSOFT-CORP-MSN-AS-BLOCK,2273869086,6
https://www.linkedin.com/feed/update/urn:li:share:6709533221991915520,13.107.42.14,AS8068,MICROSOFT-CORP-MSN-AS-BLOCK,2273869086,6
https://www.linkedin.com/feed/update/urn:li:share:6709542498466885632,13.107.42.14,AS8068,MICROSOFT-CORP-MSN-AS-BLOCK,2273869086,6
https://www.linkedin.com/feed/update/urn:li:share:6709560280701112320,13.107.42.14,AS8068,MICROSOFT-CORP-MSN-AS-BLOCK,2273869086,6
https://www.linkedin.com/feed/update/urn:li:share:6709563881674694656,13.107.42.14,AS8068,MICROSOFT-CORP-MSN-AS-BLOCK,2273869086,6
https://www.linkedin.com/feed/update/urn:li:share:6709568657850187776,13.107.42.14,AS8068,MICROSOFT-CORP-MSN-AS-BLOCK,2273869086,6
https://www.linkedin.com/feed/update/urn:li:share:6709586548201021440,13.107.42.14,AS8068,MICROSOFT-CORP-MSN-AS-BLOCK,2273869086,6
https://www.linkedin.com/feed/update/urn:li:share:6709675096832929792,13.107.42.14,AS8068,MICROSOFT-CORP-MSN-AS-BLOCK,2273869086,6
https://www.linkedin.com/feed/update/urn:li:share:6709773464187879425,13.107.42.14,AS8068,MICROSOFT-CORP-MSN-AS-BLOCK,2273869086,6
https://www.linkedin.com/feed/update/urn:li:share:6709793180595970048,13.107.42.14,AS8068,MICROSOFT-CORP-MSN-AS-BLOCK,2273869086,6
https://www.linkedin.com/feed/update/urn:li:share:6709806636401233921,13.107.42.14,AS8068,MICROSOFT-CORP-MSN-AS-BLOCK,2273869086,6
https://www.linkedin.com/feed/update/urn:li:share:6709823333526982656,13.107.42.14,AS8068,MICROSOFT-CORP-MSN-AS-BLOCK,2273869086,6
http://tatar-congress.org/ru/yanalyklar/video-aydar-galimov-priglashaet-na-prazdnik-v-g-sputnik/,185.75.47.6,AS62222,QuickSoft LLC,5709,8
https://arsitios.com/zonafrancatv/2020/08/17/vacuna-contra-el-coronavirus-rusia-produjo-ya-15-500-dosis-de-sputnik-v/,172.67.177.187,AS13335,CLOUDFLARENET,3830787,1128
http://guiaglobal.com.br/2020/08/17/imunologista-israelense-sputnik-v-garantiria-imunidade-mais-estavel-do-que-a-vacina-de-oxford/,191.252.123.29,AS27715,Locaweb Servicos de Internet S/A,13733,5
https://themalaysianreserve.com/2020/08/18/sputnik-talks-on-margin-trading-curbs-wipe-rm34b-of-glove-stocks-value/,104.31.78.53,AS13335,CLOUDFLARENET,2648277,1050
https://libero.pe/ocio/1578355-coronavirus-nicolas-maduro-anuncio-sera-vacunarse-covid-19-venezuela-vacuna-rusa-sputnik,151.101.2.207,AS54113,FASTLY,49744510,287
http://dursamj.mn/gadaad-medee/16561-turshilt-n-duusaagy-ch-sputnik-v-vakcinaas-vputin-aysangy.html,43.231.115.88,AS63962,iTools JSC,293001,10
https://www.pravda.ru/news/expert/1521730-izrailskij_immunolog/,185.201.54.50,AS57918,ACOD JSC,12965980,1
https://ns2017.wordpress.com/2020/08/16/sputnik-comment-empecher-les-migrants-de-passer-de-france-en-angleterre/,192.0.78.13,AS2635,AUTOMATTIC,40919698,1259
https://www.ticbeat.com/innovacion/problemas-y-riesgos-de-la-vacuna-rusa-sputnik-v/,3.9.64.83,AS16509,AMAZON-02,164095,1
https://www.copernical.com/news-public/item/18593-2020-08-18-09-55-20,217.160.0.99,AS8560,1&1 Ionos Se,2994552,2556
https://www.copernical.com/news-public/item/18598-2020-08-18-09-55-28,217.160.0.99,AS8560,1&1 Ionos Se,2994552,2556
https://www.copernical.com/news-public/item/18695-2020-08-24-06-55-10,217.160.0.99,AS8560,1&1 Ionos Se,2994552,2556
https://www.copernical.com/news-public/item/18721-2020-08-25-13-56-05,217.160.0.99,AS8560,1&1 Ionos Se,2994552,2556
https://www.copernical.com/news-public/item/18722-2020-08-25-13-56-08,217.160.0.99,AS8560,1&1 Ionos Se,2994552,2556
https://piemovies.cc/watch/sputnik-2020,104.24.123.32,AS13335,CLOUDFLARENET,10511897,1150
http://plazademayo.info/inmunologa-israeli-sputnik-v-garantizaria-una-inmunidad-mas-estable-que-la-vacuna-de-oxford/,200.58.111.118,AS27823,Dattatec.com,397370,164
http://plazademayo.info/el-telefono-se-colapsa-embajador-ruso-habla-del-gran-interes-de-argentina-por-la-vacuna-sputnik-v/,200.58.111.118,AS27823,Dattatec.com,397370,164
https://www.elsoldesalamanca.com.mx/mundo/rusia-produce-mas-de-15-mil-dosis-de-su-vacuna-contra-covid-19-sputnik-v-5639668.html,13.249.130.63,AS16509,AMAZON-02,956122,690
https://www.elsoldezacatecas.com.mx/mundo/astrazeneca-espera-tener-una-vacuna-a-principios-de-2021-coronavirus-epidemia-pandemia-oxford-matt-hancock-5726640.html,13.249.130.63,AS16509,AMAZON-02,956122,690
http://web.archive.org/web/20180926204653/https:/sputniknews.com/analysis/201809261068369350-Ukrainian-Diplomat-Clinton-Operatives-Dirt-Trump/,207.241.226.190,AS7941,INTERNET-ARCHIVE,30849849,3
https://web.archive.org/web/20200819141034/https:/proudboysusa.com/proud-boys-michigan-chapters-official-statement-kalamazoo-august-15th/,207.241.226.190,AS7941,INTERNET-ARCHIVE,30849849,3
http://urbanianoticias.com.mx/index.php/2012-09-19-14-40-27/29177-inmunologa-israeli-sputnik-v-garantizaria-una-inmunidad-mas-estable-que-la-vacuna-de-oxford,35.209.120.219,AS15169,GOOGLE,80864,107
http://urbanianoticias.com.mx/index.php/2012-09-19-14-40-15/29232-mexico-recibira-2-mil-dosis-de-vacunas-sputnik-v,35.209.120.219,AS15169,GOOGLE,80864,107
https://www.elsoldemexico.com.mx/mundo/rusia-produce-mas-de-15-mil-dosis-de-su-vacuna-contra-covid-19-sputnik-v-5639668.html,13.249.130.70,AS16509,AMAZON-02,924324,652
https://www.elsoldezacatecas.com.mx/mundo/rusia-produce-mas-de-15-mil-dosis-de-su-vacuna-contra-covid-19-sputnik-v-5639668.html,13.249.130.70,AS16509,AMAZON-02,924324,652
https://elpueblo.com.pe/primer-lote-de-vacunas-rusas-supero-las-15-mil/,3.230.68.108,AS14618,AMAZON-AES,38442,2
https://taplink.cc/system/challenge.html,172.67.73.194,AS13335,CLOUDFLARENET,3247934,82
https://www.alainet.org/es/articulo/208491?utm_source=twitter,95.141.32.28,AS49367,Seflow S.N.C. Di Marco Brame' & C.,5025245,421
https://news.v.daum.net/v/20200729212421973,121.53.224.10,AS9457,DREAMLINE CO.,4556822,2
https://news.v.daum.net/v/20200515060036516,121.53.224.10,AS9457,DREAMLINE CO.,4556822,2
https://news.v.daum.net/v/20200824090606831,121.53.224.10,AS9457,DREAMLINE CO.,4556822,2
https://news.v.daum.net/v/20200819100324271,211.249.221.181,AS7625,Kakao Corp,4559698,2
https://news.v.daum.net/v/20200826051420138,211.249.221.181,AS7625,Kakao Corp,4559698,2
https://onerazz.com/2020/08/19/globalbuzz-bekas-naib-presiden-amerika-syarikat-joe-biden-secara-rasmi-memenangi-pencalonan-presiden-parti-demokrat-menerusi-undian-perwakilan-di-konvensyen-kebangsaan-parti-itu-agensi-berita-sput/,51.79.176.44,AS16276,OVH SAS,632113,1120
https://onerazz.com/2020/09/07/australian-prime-minister-scott-morrison-said-his-government-has-struck-a-deal-with-pharmaceutical-giant-csl-to-manufacture-two-potential-vaccines-including-one-developed-by-rival-astrazeneca-and-ex/,51.79.176.44,AS16276,OVH SAS,632113,1120
https://www.wefornews.com/will-the-superfast-sputnik-v-vaccine-put-citizens-at-risk/,104.18.61.26,AS13335,CLOUDFLARENET,2703309,1072
https://nicaraguainvestiga.com/nacion/27828-nicaragua-empezara-produccion-de-vacuna-rusa-contra-el-covid-19-a-finales-de-2020/,172.67.72.81,AS13335,CLOUDFLARENET,2683416,91
https://olhardigital.com.br/2020/08/16/noticias/covid-19-russia-divulga-inicio-da-producao-da-vacina-sputnik-v/,13.249.130.23,AS16509,AMAZON-02,1396706,690
http://www.google.com/,74.125.126.105,AS15169,GOOGLE,209330,5
https://actualidad.rt.com/actualidad/363741-mexico-interes-vacuna-rusa-coronavirus?utm_source=rss&utm_medium=rss&utm_campaign=actualidad,37.48.108.115,AS60781,LeaseWeb Netherlands B.V.,4933640,1
https://actualidad.rt.com/actualidad/363817-rusia-comenzara-ensayos-clinicos-sputnik?utm_source=rss&utm_medium=rss&utm_campaign=actualidad,37.48.108.115,AS60781,LeaseWeb Netherlands B.V.,4933640,1
https://actualidad.rt.com/actualidad/363822-vacuna-sputnik-no-efectos-secundarios-graves?utm_source=rss&utm_medium=rss&utm_campaign=actualidad,37.48.108.115,AS60781,LeaseWeb Netherlands B.V.,4933640,1
https://actualidad.rt.com/actualidad/363821-instruccion-vacuna-rusa-sputnik?utm_source=rss&utm_medium=rss&utm_campaign=actualidad,37.48.108.115,AS60781,LeaseWeb Netherlands B.V.,4933640,1
https://actualidad.rt.com/actualidad/363995-venezuela-aportara-500-voluntarios-vacuna-sputnik?utm_source=rss&utm_medium=rss&utm_campaign=actualidad,37.48.108.115,AS60781,LeaseWeb Netherlands B.V.,4933640,1
https://actualidad.rt.com/actualidad/364046-embajador-ruso-argentina-interes-vacuna?utm_source=rss&utm_medium=rss&utm_campaign=actualidad,37.48.108.115,AS60781,LeaseWeb Netherlands B.V.,4933640,1
https://actualidad.rt.com/actualidad/364178-oms-iniciar-discusiones-rusia-vacuna-sputnik?utm_source=rss&utm_medium=rss&utm_campaign=actualidad,37.48.108.115,AS60781,LeaseWeb Netherlands B.V.,4933640,1
https://regeneracion.mx/ebrard-sostiene-encuentro-con-canciller-ruso-y-muestra-interes-por-vacuna-sputnik-5/,172.67.197.20,AS13335,CLOUDFLARENET,2464483,1019
https://covid19globalcases.com/vacuna-de-rusia-contra-el-coronavirus-cientificos-desconfian-de-sputnik-v/,143.95.80.46,AS62729,ASMALLORANGE1,377135,223
https://covid19globalcases.com/sputnik-v-pfizer-and-more-everything-about-the-race-to-find-the-covid-19-vaccine/,143.95.80.46,AS62729,ASMALLORANGE1,377135,223
https://covid19globalcases.com/coronavirus-vaccine-uk-drugmaker-astrazeneca-begins-final-stage-of-us-trials/,143.95.80.46,AS62729,ASMALLORANGE1,377135,223
https://covid19globalcases.com/coronavirus-vaccine-uk-drugmaker-astrazeneca-starts-last-of-us-trials/,143.95.80.46,AS62729,ASMALLORANGE1,377135,223
http://www.gazetevatan.com/sucluyu-yuzunden-taniyacaklar----294534-gundem/,51.81.66.145,AS16276,OVH SAS,2837531,2
https://www.cnnturk.com/amp/turkiye/topkapida-metrobus-yaniyor,51.81.66.145,AS16276,OVH SAS,2837531,2
https://www.cnnturk.com/turkiye/topkapida-metrobus-yaniyor,51.81.66.145,AS16276,OVH SAS,2837531,2
https://indice7.com/?p=265361,50.87.151.103,AS46606,UNIFIEDLAYER-AS-1,3240092,560
https://niezalezna.pl/0,188.165.21.119,AS16276,OVH SAS,1808150,2
https://www.pronews.gr/ygeia/907476_sputnik-v-klinikes-dokimes-tin-epomeni-evdomada-se-40000-anthropoys,104.27.122.115,AS13335,CLOUDFLARENET,486280,1
https://www.pronews.gr/ygeia/farmaka/913130_poy-gia-emvolio-tis-astrazeneca-pano-ap-ola-i-asfaleia-kai-i-sigoyria,104.27.122.115,AS13335,CLOUDFLARENET,486280,1
https://www.pronews.gr/kosmos/diethnis-politiki/913159_npeskof-i-anastoli-ton-klinikon-dokimon-tis-astrazeneca-deihnei-pos,104.27.122.115,AS13335,CLOUDFLARENET,486280,1
http://riknews.com.cy/index.php/news/epistimi/item/103321-to-proto-rosiko-emvolio-sputnik-v-kata-tou-koronoioy-tha-dokimasthei-se-40-000-anthropous,104.26.15.54,AS13335,CLOUDFLARENET,12919842,77
https://www.pronews.gr/kosmos/907509_dimioyrgoi-sputnik-v-dyo-hronia-prostasias-tha-prosferei-emvolio,104.27.123.115,AS13335,CLOUDFLARENET,486280,1
https://www.pronews.gr/ygeia/907578_sputnik-v-vasiko-systatiko-toy-emvolioy-o-adenoios-hrisimopoieitai-ston-amerikaniko,104.27.123.115,AS13335,CLOUDFLARENET,486280,1
https://www.pronews.gr/ygeia/farmaka/913144_emvolio-astrazeneca-egkarsia-myelitida-i-parenergeia-poy-pagose-tis-klinikes,104.27.123.115,AS13335,CLOUDFLARENET,486280,1
https://www.pronews.gr/ygeia/farmaka/913027_emvolio-astrazeneca-anastellontai-oi-ereynes-asthenis-paroysiase-sovari,104.27.123.115,AS13335,CLOUDFLARENET,486280,1
https://www.pronews.gr/ygeia/913333_emvolio-astrazeneca-poso-tha-diarkesei-i-paysi-ereynon-polla-ta-anapantita-erotimata,104.27.123.115,AS13335,CLOUDFLARENET,486280,1
https://www.pronews.gr/ygeia/farmaka/913401_nea-anakoinosi-apo-tin-astrazeneca-gia-pagoma-ton-klinikon-dokimon-toy-emvolioy,104.27.123.115,AS13335,CLOUDFLARENET,486280,1
https://www.astratv.gr/2020/08/20/%CF%81%CF%89%CF%83%CE%AF%CE%B1-%CF%87%CF%89%CF%81%CE%AF%CF%82-%CF%83%CE%BF%CE%B2%CE%B1%CF%81%CE%AD%CF%82-%CF%80%CE%B1%CF%81%CE%B5%CE%BD%CE%AD%CF%81%CE%B3%CE%B5%CE%B9%CE%B5%CF%82-%CF%84%CE%BF-%CE%B5/,188.40.84.200,AS24940,Hetzner Online GmbH,24499,3
https://www.astratv.gr/2020/09/09/%CE%BA%CE%BF%CF%81%CE%BF%CE%BD%CE%BF%CF%8A%CF%8C%CF%82-%CE%B7-%CE%B1%CE%BD%CE%B1%CE%BA%CE%BF%CE%AF%CE%BD%CF%89%CF%83%CE%B7-%CF%84%CE%B7%CF%82-astrazeneca-%CE%B3%CE%B9%CE%B1%CF%84%CE%AF-%CE%B4%CE%B9/,188.40.84.200,AS24940,Hetzner Online GmbH,24499,3
https://www.astratv.gr/2020/09/09/%CE%B5%CE%B3%CE%BA%CE%AC%CF%81%CF%83%CE%B9%CE%B1-%CE%BC%CF%85%CE%B5%CE%BB%CE%AF%CF%84%CE%B9%CE%B4%CE%B1-%CF%80%CE%BF%CE%B9%CE%B1-%CE%B5%CE%AF%CE%BD%CE%B1%CE%B9-%CE%B7-%CE%BD%CF%8C%CF%83%CE%BF%CF%82/,188.40.84.200,AS24940,Hetzner Online GmbH,24499,3
https://www.astratv.gr/2020/09/09/%CE%B5%CE%B3%CE%BA%CE%AC%CF%81%CF%83%CE%B9%CE%B1-%CE%BC%CF%85%CE%B5%CE%BB%CE%AF%CF%84%CE%B9%CE%B4%CE%B1-%CE%B1%CF%85%CF%84%CE%AE-%CE%B7-%CE%BD%CF%8C%CF%83%CE%BF%CF%82-%CF%80%CE%AC%CE%B3%CF%89/,188.40.84.200,AS24940,Hetzner Online GmbH,24499,3
https://www.astratv.gr/2020/09/10/%CE%BA%CE%BF%CF%81%CE%BF%CE%BD%CE%BF%CF%8A%CF%8C%CF%82-%CE%B5%CE%BC%CE%B2%CF%8C%CE%BB%CE%B9%CE%BF-%CE%B1%CE%BD%CE%B7%CF%83%CF%85%CF%87%CE%AF%CE%B1-%CE%B3%CE%B9%CE%B1-%CF%84%CE%B7-%CE%B4%CE%B9%CE%B1/,188.40.84.200,AS24940,Hetzner Online GmbH,24499,3
https://koronavirusu.org/rusyanin-sputnik-v-asisi-onumuzdeki-hafta-40-bin-kisiye-uygulanacak/,144.91.68.36,AS51167,Contabo GmbH,23783,8
https://informateperu.pe/politica/vizcarra-sobre-vacuna-rusa-contra-el-covid-19-no-descartamos-ninguna-posibilidad-video/,192.0.78.128,AS2635,AUTOMATTIC,5003804,3278
https://quequi.com.mx/rusia-enviara-2-mil-dosis-de-vacuna-contra-covid-19-sputnik-a-mexico-ebrard/,198.71.190.10,AS26496,AS-26496-GO-DADDY-COM-LLC,3634054,215
https://www1.folha.uol.com.br/equilibrioesaude/2020/08/russos-querem-usar-brasil-e-outros-tres-paises-como-base-para-a-producao-da-vacina-sputnik-v.shtml?utm_source=twitter&utm_medium=social&utm_campaign=comptw,200.147.36.65,AS7162,Universo Online S.A.,18999331,2
https://www1.folha.uol.com.br/equilibrioesaude/2020/08/russos-querem-usar-brasil-e-outros-tres-paises-como-base-para-a-producao-da-vacina-sputnik-v.shtml,200.147.36.65,AS7162,Universo Online S.A.,18999331,2
https://www1.folha.uol.com.br/erro/404/,200.147.36.65,AS7162,Universo Online S.A.,18999331,2
https://www.medcom.id/internasional/eropa-amerika/1bVj32ab-who-berdiskusi-dengan-rusia-mengenai-vaksin-sputnik-v,103.225.66.74,AS45734,PT Media Televisi Indonesia,508206,2
https://www.medcom.id/internasional/eropa-amerika/MkMG2jEN-uji-klinis-fase-3-sputnik-v-dimulai-pekan-depan,103.225.66.74,AS45734,PT Media Televisi Indonesia,508206,2
https://www.medcom.id/internasional/asia-pasifik/MkMGaejN-india-tetap-lanjutkan-uji-coba-kandidat-vaksin-astrazeneca,103.225.66.74,AS45734,PT Media Televisi Indonesia,508206,2
https://coronaviruscall.com/coronavirus-mexico-to-test-2000-doses-of-russias-sputnik-vaccine/,198.252.102.186,AS20068,HAWKHOST,1113431,1338
https://coronaviruscall.com/why-astrazeneca-just-paused-its-coronavirus-vaccine-trial/,198.252.102.186,AS20068,HAWKHOST,1113431,1338
https://coronaviruscall.com/why-a-pause-on-astrazenecas-coronavirus-vaccine-trial-isnt-entirely-bad-news/,198.252.102.186,AS20068,HAWKHOST,1113431,1338
https://coronaviruscall.com/astrazeneca-expects-coronavirus-vaccine-result-by-year-end-if-trials-resume-soon/,198.252.102.186,AS20068,HAWKHOST,1113431,1338
https://primenewslive.com/world-news/russia-partnership-with-india-for-producing-covid-19-vaccine-sputnik-v/,5.189.175.143,AS51167,Contabo GmbH,347699,31
https://actualidad.rt.com/actualidad/363897-mexico-ensayos-vacuna-rusa-sputnik?utm_source=rss&utm_medium=rss&utm_campaign=actualidad,207.244.80.171,AS30633,LEASEWEB-USA-WDC,223006,1
http://ow.ly/CQky50B5qk8%20http:/ow.ly/aaUL50B5qih,54.67.120.65,AS16509,AMAZON-02,219790684,7
http://politicaonline.mx/disp.noticia.aspx?id=26614,34.98.99.30,AS15169,GOOGLE,159723,4923
https://www.diarioelmundo.com.mx/index.php/2020/08/21/en-septiembre-llega-vacuna-sputnik-v/,172.67.158.33,AS13335,CLOUDFLARENET,2640072,1096
https://dailycaller.com/2020/08/21/russia-putin-coronavirus-vaccine-daughter-sputnik-v-pandemic/,104.23.140.7,AS13335,CLOUDFLARENET,5102709,1
https://www.exberliner.com/whats-on/film/exil/,75.101.132.169,AS14618,AMAZON-AES,20583852,191
https://diarioroatan.com/mexico-en-su-fase-3-ensayara-vacuna-rusa-sputnik-v/hambrezona,192.241.129.189,AS14061,DIGITALOCEAN-ASN,2984,1
https://diarioroatan.com/astrazeneca-incluye-a-peru-en-ensayo-en-fase-3-de-vacuna-contra-el-covid-19/hambrezona,192.241.129.189,AS14061,DIGITALOCEAN-ASN,2984,1
https://actualidad.rt.com/actualidad/363817-rusia-comenzara-ensayos-clinicos-sputnik?utm_source=Email-Message&utm_medium=Email&utm_campaign=Email_daily,207.244.80.178,AS30633,LEASEWEB-USA-WDC,240037,1
https://www.eltelegrafo.com.ec/noticias/mundo/8/vacuna-rusa-grupos-prioritarios-coronavirus,172.67.71.167,AS13335,CLOUDFLARENET,1309809,45
https://gnomionline.com.cy/index.php/component/k2/item/12956-rwsia-xwris-sobares-parenergeies-oi-klinikes-dokimes-tou-emboliou-spytnik-b,192.124.249.15,AS30148,SUCURI-SEC,23515979,798
https://gnomionline.com.cy/index.php/component/k2/item/13030-en-mesw-anhsyxiwn-gia-thn-anastolh-dokimwn-ths-astrazenepsa-xiliades-nea-krousmata-psobid-19-pagkosmiws,192.124.249.15,AS30148,SUCURI-SEC,23515979,798
https://elcomercio.pe/mundo/venezuela/coronavirus-venezuela-participara-con-500-voluntarios-en-fase-iii-de-vacuna-rusa-sputnik-v-contra-el-covid-19-vladimir-putin-nicolas-maduro-rusia-noticia/,104.76.198.146,AS20940,Akamai International B.V.,292299,47
https://eltubazodigital.com/nacionales/sputnik-v-500-venezolanos-seran-voluntarios-en-la-fase-3-de-la-vacuna-rusa/2020/08/22/,96.125.171.33,AS46606,UNIFIEDLAYER-AS-1,6241,2
https://eltubazodigital.com/vida-y-salud/enfermedad-inexplicable-astrazeneca-interrumpio-ensayos-de-su-vacuna-contra-el-covid-19/2020/09/09/,96.125.171.33,AS46606,UNIFIEDLAYER-AS-1,6241,2
https://libero.pe/ocio/1579150-coronavirus-peru-embajada-rusia-ofrece-vacuna-sputnik-v-covid-19-essalud-minsa,151.101.194.207,AS54113,FASTLY,49742579,285
https://www.infobae.com/america/,172.232.21.57,AS20940,Akamai International B.V.,190076,52
https://www.chiapas.eu/news.php?id=10810,81.28.228.73,AS29014,ScaleUp Technologies GmbH & Co. KG,420296,129
https://www.ta3.com/clanok/1190728/evidujeme-desiatky-novych-pripadov-najviac-hlasi-bratislava.html,46.231.96.36,AS48304,Digmia s.r.o.,140880,2
http://ow.ly/cVrU30r5N71%20http:/ow.ly/WPmU30r5N73,54.67.62.204,AS16509,AMAZON-02,219658867,7
https://analgeria.com/%D8%B1%D9%88%D8%B3%D9%8A%D8%A7-%D8%A5%D9%86%D8%AA%D8%A7%D8%AC-%D9%86%D8%AD%D9%88-2-%D9%85%D9%84%D9%8A%D9%88%D9%86-%D8%AC%D8%B1%D8%B9%D8%A9-%D9%85%D9%86-%D9%84%D9%82%D8%A7%D8%AD-%D9%83%D9%88%D8%B1/,164.132.5.144,AS16276,OVH SAS,4588623,158
https://arbitror.pl/produkt/morawiecki-i-jego-tajemnice/,79.96.62.17,AS12824,home.pl S.A.,7935,5
https://upflow.co/l/RRN3/industry/healthcare/biotech/healthcare/indian-pharma-producers-show-great-interest-in-covid-19-vaccine-sputnik-v-russia/articleshow/77561370.cms,45.55.116.60,AS14061,DIGITALOCEAN-ASN,285766,2
https://www.amazon.com/,23.34.66.20,AS16625,AKAMAI-AS,360504,2
https://www.amazon.in/b?ie=UTF8&node=14351766031,23.203.113.199,AS3257,GTT Communications Inc.,398,1
https://www.starfm.co.ke/xaaladaha-coronavirus-ee-ruushka-oo-kor-u-dhaafay-960000/,199.58.184.195,AS46562,TOTAL-SERVER-SOLUTIONS,732807,240
https://libero.pe/ocio/1579461-coronavirus-mundo-oms-espera-datos-cientificos-vacuna-rusa-covid-19-sputnik-v-rusia,151.101.130.207,AS54113,FASTLY,49771483,285
https://www.gazeta.ru/,81.19.72.3,AS24638,Rambler Internet Holding LLC,13646786,24
https://abcnews.media/russia-named-epivaccorona-in-preparation-to-launch-another-vaccine,198.12.255.108,AS26496,AS-26496-GO-DADDY-COM-LLC,17832,53
https://www.lavozdemichoacan.com.mx/pais/mexico-ya-tiene-voluntarios-para-realizar-la-fase-3-de-vacuna-rusa-sputnik-v/,50.21.183.19,AS8560,1&1 Ionos Se,98518,2
https://www.lavozdemichoacan.com.mx/pais/covid-19/eua-busca-a-30-mil-voluntarios-para-participar-en-la-fase-3-de-la-vacuna-de-astrazeneca/,50.21.183.19,AS8560,1&1 Ionos Se,98518,2
https://actualidad.rt.com/actualidad/364353-rusia-dar-luz-verde-pruebas-vacuna-sputnik?utm_source=rss&utm_medium=rss&utm_campaign=actualidad,37.48.108.102,AS60781,LeaseWeb Netherlands B.V.,482572,1
http://cadenapolitica.com/2020/08/25/mexico-participara-en-la-fase-3-de-la-vacuna-rusa-sputnik-v/,162.214.99.208,AS46606,UNIFIEDLAYER-AS-1,9941,1
https://punjabkesari.com/india-news/russia-seeks-cooperation-with-india-in-manufacturing-its-corona-vaccine-sputnik-v-/,104.20.66.151,AS13335,CLOUDFLARENET,66020,1
https://www.mexnewz.mx/mexico-tendra-dos-mil-voluntarios-para-realizar-fase-3-de-vacuna-rusa-sputnik-5/,107.180.2.3,AS26496,AS-26496-GO-DADDY-COM-LLC,726757,310
https://www.mexnewz.mx/vacuna-de-astrazeneca-ingresa-en-estudio-de-etapa-avanzada-en-eu/,107.180.2.3,AS26496,AS-26496-GO-DADDY-COM-LLC,726757,310
https://www.mexnewz.mx/astrazeneca-suspende-los-ensayos-de-la-vacuna-de-oxford-por-la-reaccion-adversa-grave-de-un-voluntario/,107.180.2.3,AS26496,AS-26496-GO-DADDY-COM-LLC,726757,310
https://www.mexnewz.mx/vacuna-contra-covid-19-podria-estar-lista-a-finales-de-2020-asegura-astrazeneca/,107.180.2.3,AS26496,AS-26496-GO-DADDY-COM-LLC,726757,310
https://www.teleamazonas.com/2020/08/vacuna-sputkin-v-recibe-autorizacion-para-ensayos-avanzados/,8.248.59.250,AS3356,LEVEL3,5,1
https://cnnespanol.cnn.com/video/mexico-pruebas-voluntarios-tercera-etapa-pruebas-vacuna-sputnik-v-marcelo-ebrard-protocolos-sanitarios-evaluacion-requena-panorama-cnne/,192.0.66.24,AS2635,AUTOMATTIC,6724110,110
https://www.guadalajarafollow.com/2020/08/mexico-participara-con-2-mil-voluntarios-en-la-fase-3-de-vacuna-sputnik-v/,104.18.53.59,AS13335,CLOUDFLARENET,2353171,1008
http://www.everybodygoesblog.com/2020/08/review-sputnik-science-fiction-horror.html,108.177.121.121,AS15169,GOOGLE,130328,6
https://gmnoticias.mx/segundo-voluntario-de-vacuna-de-astrazeneca-presenta-reaccion-adversa/,192.124.249.3,AS30148,SUCURI-SEC,8339394,628
https://cronica.uno/que-tan-avanzada-esta-la-carrera-por-conseguir-una-vacuna-contra-covid-19/,192.124.249.3,AS30148,SUCURI-SEC,8339394,628
https://gmnoticias.mx/vacuna-contra-coronavirus-estara-disponible-para-fin-de-ano-insiste-astrazeneca/,192.124.249.3,AS30148,SUCURI-SEC,8339394,628
https://www.informaoriente.com.mx/salud/comienzan-pruebas-masivas-de-la-vacuna-de-oxford-y-astrazeneca.html,35.203.15.46,AS15169,GOOGLE,116,2
https://gofirstnews.com/astrazeneca-begins-coronavirus-vaccine-section-three-medical-trials-in-us/,45.87.81.46,AS47583,Hostinger International Limited,26068,694
http://masnoticiasoaxaca.com/alista-astrazeneca-ensayos-masivos-de-su-vacuna-contra-el-covid-19/,35.182.205.199,AS16509,AMAZON-02,46,14
http://masnoticiasoaxaca.com/vacuna-de-astrazeneca-oxford-ya-esta-en-produccion/,35.182.205.199,AS16509,AMAZON-02,46,14
https://mailchi.mp/3fa3cde81895/dialoguemos-12697970,104.98.61.238,AS16625,AKAMAI-AS,137220,2
https://mailchi.mp/linksbridge/covid-19-developments-5039766?e=655054f1c5,104.98.61.238,AS16625,AKAMAI-AS,137220,2
https://mailchi.mp/pharmaphorum/democrats-unveil-price-plan-targeting-250-big-spend-drugs2309-2246778,104.98.61.238,AS16625,AKAMAI-AS,137220,2
https://mailchi.mp/6587b08bf87a/sixteen3-news-and-product-updates-3300750,104.98.61.238,AS16625,AKAMAI-AS,137220,2
https://mailchi.mp/thespoon/learning-gap-widens-318440,104.98.61.238,AS16625,AKAMAI-AS,137220,2
https://mailchi.mp/174083ea6212/hold-your-horses-norman-smartphone-more-1119486,104.98.61.238,AS16625,AKAMAI-AS,137220,2
https://mailchi.mp/7ccad2a351a6/4ve5sfzdhh-790838?e=952b24a551,104.98.61.238,AS16625,AKAMAI-AS,137220,2
https://mailchi.mp/acouplecents/morningcents-4881716,104.98.61.238,AS16625,AKAMAI-AS,137220,2
https://www.webwire.com/ViewPressRel.asp?aId=263488&utm_source=dlvr.it&utm_medium=twitter,169.53.35.70,AS36351,SOFTLAYER,621818,3
https://www.biotoday.com/view.cfm?n=92482&ref=rss&utm_source=dlvr.it&utm_medium=twitter,112.140.51.34,AS23637,Equinix Jpapan Enterprise K.K.,60375,1
https://www.biotoday.com/view.cfm?n=92468,112.140.51.34,AS23637,Equinix Jpapan Enterprise K.K.,60375,1
https://www.biotoday.com/view.cfm?n=92566,112.140.51.34,AS23637,Equinix Jpapan Enterprise K.K.,60375,1
https://www.biotoday.com/view.cfm?n=92566&ref=rss&utm_source=dlvr.it&utm_medium=twitter,112.140.51.34,AS23637,Equinix Jpapan Enterprise K.K.,60375,1
https://seekingalpha.com/news/3610314-astrazeneca-starts-u-s-final-stage-trial-of-covidminus-19-vaccine?utm_source=smartnews.com&utm_medium=referral,151.101.130.2,AS54113,FASTLY,540350829,10
http://www.todanoticia.com/85221/buscan-30-mil-voluntarios-estados/,207.38.94.45,AS30083,AS-30083-GO-DADDY-COM-LLC,2447083,549
http://www.todanoticia.com/85287/coronavirus-astrazeneca-interrumpe-ensayos-vacuna/,207.38.94.45,AS30083,AS-30083-GO-DADDY-COM-LLC,2447083,549
https://careers.astrazeneca.com/job/royston/senior-data-and-analytics-engineer/7684/15803758,23.35.71.136,AS20940,Akamai International B.V.,8539172,56
https://m.facebook.com/112639733519315/posts/309965157120104/,69.171.250.35,AS32934,FACEBOOK,20087333,15
http://ow.ly/IRwJp%20http:/dlvr.it/Rfqpsw,54.67.57.56,AS16509,AMAZON-02,219790839,7
http://ow.ly/yrwN50BlOPm%20http:/ow.ly/hfcE50BlORr,54.67.57.56,AS16509,AMAZON-02,219790839,7
https://business.facebook.com/409448779258925/posts/1357103711160089/?_fb_noscript=1,157.240.18.15,AS32934,FACEBOOK,30700836,297
https://www.covid-19worldstats.com/news/First-American-dosed-with-Oxford-AstraZeneca-phase-three-COVID-19-vaccine-speaks-out,37.97.159.129,AS20857,Transip B.V.,48038,15
https://www.covid-19worldstats.com/news/Coronavirus-vaccine-Astrazeneca-launching-late-stage-COVID-19-trial,37.97.159.129,AS20857,Transip B.V.,48038,15
https://www.covid-19worldstats.com/news/AstraZeneca-down-after-report-that-Covid-19-vaccine-is-put-on-hold,37.97.159.129,AS20857,Transip B.V.,48038,15
https://www.covid-19worldstats.com/news/AstraZeneca-suspends-trials-of-COVID-19-vaccine,37.97.159.129,AS20857,Transip B.V.,48038,15
https://bitly.com/3lJDkmz%20https:/bit.ly/32Jx0TC,67.199.248.15,AS396982,GOOGLE-PRIVATE-CLOUD,35218688,3
https://bitly.com/3hcDmjI%20https:/twitter.com/oscarbadoino/status/1303609195909066753,67.199.248.15,AS396982,GOOGLE-PRIVATE-CLOUD,35218688,3
https://bitly.com/checkourstore%20https:/www.cnbc.com/2020/09/09/astrazenecas-vaccine-trial-halt-defended-by-matt-hancock.html%20http:/ThePugilistMag.co.uk,67.199.248.15,AS396982,GOOGLE-PRIVATE-CLOUD,35218688,3
https://bitly.com/KTARListen%20https:/bit.ly/3habUDb,67.199.248.15,AS396982,GOOGLE-PRIVATE-CLOUD,35218688,3
https://bitly.com/32dOyZ8%20http:/bit.ly/2Ff5B42%20http:/bit.ly/2FeYmJr%20http:/bit.ly/2ZBAjvx,67.199.248.15,AS396982,GOOGLE-PRIVATE-CLOUD,35218688,3
https://bitly.com/32ao0rB%20https:/bit.ly/32ao0rB,67.199.248.15,AS396982,GOOGLE-PRIVATE-CLOUD,35218688,3
https://bitly.com/3m4iL4t%20https:/bit.ly/3m4iL4t,67.199.248.15,AS396982,GOOGLE-PRIVATE-CLOUD,35218688,3
https://bitly.com/35hiDZD%20https:/bit.ly/35hiDZD,67.199.248.15,AS396982,GOOGLE-PRIVATE-CLOUD,35218688,3
https://bitly.com/3m5d4TU%20https:/who.int/emergencies/diseases/novel-coronavirus-2019/covid-19-vaccines,67.199.248.15,AS396982,GOOGLE-PRIVATE-CLOUD,35218688,3
https://bitly.com/2C2wnLL%20https:/twitter.com/DeniseMaerker/status/1303540739050287105,67.199.248.15,AS396982,GOOGLE-PRIVATE-CLOUD,35218688,3
https://bitly.com/3k5kgh2%20https:/videos.jornada.com.mx/video/99014293/cientificos-enmarcan-en-la-normalidad-interrupcion/,67.199.248.15,AS396982,GOOGLE-PRIVATE-CLOUD,35218688,3
https://urldefense.com/jerror,52.71.28.102,AS14618,AMAZON-AES,11024672,2
https://www.dreuz.info/2020/08/02/vaccin-contre-le-coronavirus-astrazeneca-sera-exempte-de-toute-responsabilite-dans-la-plupart-des-pays/,104.24.120.7,AS13335,CLOUDFLARENET,9069366,986
https://panoramafarmaceutico.com.br/2020/07/31/aztrazeneca-esta-protegida-de-processos-por-efeitos-colaterais-de-vacina-contra-covid-19-diz-executivo/,172.67.220.210,AS13335,CLOUDFLARENET,4410077,1085
https://www.reuters.com/article/us-health-coronavirus-astrazeneca/astrazenecas-covid-19-vaccine-candidate-begins-late-stage-u-s-study-idUSKBN25R2XJ,52.84.53.65,AS16509,AMAZON-02,1934449,1372
https://www.covid19infos.info/post/astrazeneca-signs-deal-with-albany-molecular-to-produce-covid-19-vaccine-candidate,185.230.60.161,AS58182,Wix.com Ltd.,25526375,295
https://bitly.com/350TOB7%20https:/bit.ly/31YCbQc%20https:/bit.ly/3lSfANd,67.199.248.14,AS396982,GOOGLE-PRIVATE-CLOUD,35218076,3
https://bitly.com/3hebR9o%20http:/dikgazete.com,67.199.248.14,AS396982,GOOGLE-PRIVATE-CLOUD,35218076,3
https://bitly.com/33awmPg%20https:/bit.ly/35iSgCx,67.199.248.14,AS396982,GOOGLE-PRIVATE-CLOUD,35218076,3
https://bitly.com/checkourstore%20https:/www.cbsnews.com/news/astrazeneca-temporarily-pauses-coronavirus-vaccine-trial-after-participant-may-have-suffered-adverse-reaction/%20http:/ThePugilistMag.co.uk,67.199.248.14,AS396982,GOOGLE-PRIVATE-CLOUD,35218076,3
https://bitly.com/329VTsq%20https:/twitter.com/EU_Health/status/1303637508723560448,67.199.248.14,AS396982,GOOGLE-PRIVATE-CLOUD,35218076,3
https://bitly.com/2ZmXTvD%20http:/bit.ly/3k4SkK7%20http:/bit.ly/2DNRx0Y%20http:/bit.ly/2Zn13iZ%20http:/bit.ly/33a2gLD,67.199.248.14,AS396982,GOOGLE-PRIVATE-CLOUD,35218076,3
https://bitly.com/35hGjNx%20https:/bit.ly/2ZkZLVF,67.199.248.14,AS396982,GOOGLE-PRIVATE-CLOUD,35218076,3
https://bitly.com/2FgdaHF%20https:/amp.theguardian.com/world/2020/sep/09/the-oxford-university-astrazeneca-covid-19-vaccine-trial-has-been-paused-should-we-be-worried?__twitter_impression=true,67.199.248.14,AS396982,GOOGLE-PRIVATE-CLOUD,35218076,3
https://bitly.com/2Fexr0j%20https:/bit.ly/2ZozMwN%20https:/bit.ly/2ZplLPs,67.199.248.14,AS396982,GOOGLE-PRIVATE-CLOUD,35218076,3
https://bitly.com/3heVGbJ%20https:/bit.ly/3heVGbJ,67.199.248.14,AS396982,GOOGLE-PRIVATE-CLOUD,35218076,3
https://bitly.com/ARY-News%20https:/bit.ly/35nJZxi,67.199.248.14,AS396982,GOOGLE-PRIVATE-CLOUD,35218076,3
https://bitly.com/35mzdqS%20https:/bit.ly/35mzdqS,67.199.248.14,AS396982,GOOGLE-PRIVATE-CLOUD,35218076,3
https://bitly.com/3iqDEoc%20https:/bit.ly/3iqDEoc,67.199.248.14,AS396982,GOOGLE-PRIVATE-CLOUD,35218076,3
https://radionicaragua.com.ni/laboratorio-confirma-ensayos-clinicos-de-vacuna-contra-covid-19-en-peru,104.26.8.43,AS13335,CLOUDFLARENET,5745054,106
https://www.todosahora.com/noticias-internacionales/astrazeneca-incluyo-a-peru-para-ensayo-en-fase-3-de-la-vacuna-contra-la-covid-19/,192.124.249.53,AS30148,SUCURI-SEC,4298148,686
https://www.negotiamini.com/hhs-secretary-insists-no-politics-at-play-in-coronavirus-vaccine-race/,107.180.93.64,AS26496,AS-26496-GO-DADDY-COM-LLC,70953,22
https://www.abcdacomunicacao.com.br/empatia-e-habitos-saudaveis-para-cuidar-do-coracao-campanha-da-astrazeneca-colore-setembro-de-vermelho/,191.252.201.206,AS27715,Locaweb Servicos de Internet S/A,14885,6
https://boommedia.mx/rusia-busca-que-mexico-participe-en-la-produccion-de-la-vacuna-sputnik-v-como-lo-hizo-con-la-de-astrazeneca/?fbclid=IwAR1Wo37BP-w6dZwExggb1TNeSSQ_GIqw49f94OMTv9TObpnY--A_cG2SHOI,158.69.27.82,AS16276,OVH SAS,490119,647
https://www.ouest-france.fr/sante/virus/coronavirus/vaccin-anti-covid-la-dose-sera-a-moins-de-10-eu-promet-le-laboratoire-sanofi-france-6962001,69.192.52.184,AS16625,AKAMAI-AS,38,2
https://www.ouest-france.fr/sante/vaccin/coronavirus-astrazeneca-suspend-les-essais-cliniques-de-son-vaccin-6966023,69.192.52.184,AS16625,AKAMAI-AS,38,2
https://www.ouest-france.fr/sante/vaccin/covid-19-astrazeneca-juge-possible-un-vaccin-contre-le-virus-cette-annee-malgre-la-pause-6968354,69.192.52.184,AS16625,AKAMAI-AS,38,2
https://www.canalantigua.tv/astrazeneca-incluye-a-peru-en-ensayo-en-fase-3-de-vacuna-contra-el-covid-19-segun-el-gobierno/,104.27.186.12,AS13335,CLOUDFLARENET,5702678,1108
https://www.eagletimes.com/features/rather-than-give-away-its-covid-vaccine-oxford-makes-a-deal-with-drugmaker/article_48d3df2b-5979-59e8-b94f-b4ac11c2a5bd.html,192.104.182.109,AS10668,LEE-ASN,379376099,482
https://www.covid19infos.info/post/australia-s-csl-signs-deals-to-manufacture-two-covid-19-vaccine-candidates,185.230.60.102,AS58182,Wix.com Ltd.,13163060,264
https://www.covid19infos.info/post/matt-hancock-says-uk-likely-to-have-coronavirus-vaccine-by-early-next-year,185.230.60.102,AS58182,Wix.com Ltd.,13163060,264
https://www.csl.com/news/2020/20200907-csl-to-manufacture-and-supply-uq-and-ou-vaccine-candidates-for-australia,12.3.33.229,AS17033,CSL-BEHRING,101403,18
https://www.csl.com/news/2020/20200907-csl-to-manufacture-and-supply-uq-and-ou-vaccine-candidates-for-australia%20https:/apnews.com/e2e05fd7e8c8831c5fcccfb551c2db42,12.3.33.229,AS17033,CSL-BEHRING,101403,18
https://werindia.com/coronavirus,209.133.192.74,AS29802,HVC-AS,17259,1
https://www.dailytelegraph.com.au/nocookies?a=A.flavipes,23.35.76.86,AS16625,AKAMAI-AS,743249,20
https://ejecon.org/esther-pascual-head-of-global-external-alliances-astrazeneca/,149.202.128.251,AS16276,OVH SAS,2633052,651
https://www.olivanoticias.com/mundo/137005/vacuna_de_astrazeneca-oxford_ya_esta_en_produccion,142.44.214.195,AS16276,OVH SAS,4330563,88
https://www.olivanoticias.com/mundo/137250/ensayos_de_vacuna_covid-19_de_astrazeneca_podrian_reanudarse_la_proxima_semana_segun_financial_times,142.44.214.195,AS16276,OVH SAS,4330563,88
https://www.olivanoticias.com/mundo/137344/vacuna_contra_covid-19_es_posible_este_ano_pese_a_interrupcion_de_ensayos_afirma_astrazeneca,142.44.214.195,AS16276,OVH SAS,4330563,88
https://bioprocessintl.com/bioprocess-insider/deal-making/vmic-to-help-oxford-biomedica-up-capacity-for-astrazeneca-azd1222-deal/,166.62.109.86,AS26496,AS-26496-GO-DADDY-COM-LLC,4616212,1253
https://www.elheraldodetabasco.com.mx/mundo/astrazeneca-espera-tener-una-vacuna-a-principios-de-2021-coronavirus-epidemia-pandemia-oxford-matt-hancock-5726640.html,13.249.130.64,AS16509,AMAZON-02,982881,691
https://www.elsoldemexico.com.mx/mexico/politica/mexico-activa-plan-b-para-conseguir-vacuna-contra-covid-19-coronavirus-astrazeneca-rusia-sputnik-v-5740104.html,13.249.130.64,AS16509,AMAZON-02,982881,691
https://www.marketwatch.com/story/astrazeneca-vaccine-most-likely-to-roll-out-in-the-uk-early-next-year-2020-09-07,13.226.18.14,AS16509,AMAZON-02,6060356,1762
http://diverticine.com/rrcnoticias/vacuna-de-astrazeneca-oxford-ya-esta-en-produccion/,50.87.236.5,AS46606,UNIFIEDLAYER-AS-1,48034,500
http://snip.ly/26nrag?utm_source=dlvr.it&utm_medium=twitter,104.26.7.32,AS13335,CLOUDFLARENET,10044775,90
https://www.excelsior.com.mx/global/vacuna-de-astrazeneca-oxford-ya-esta-en-produccion/1404273,201.175.36.245,AS22908,"Sixsigma Networks Mexico, S.A. de C.V.",4434739,7
https://elcomercio.pe/tecnologia/ciencias/coronavirus-nueve-desarrolladores-de-potenciales-vacunas-contra-el-covid-19-prometen-rigor-cientifico-astrazeneca-johnson-johnson-moderna-pfizer-nndc-noticia/,104.76.198.138,AS20940,Akamai International B.V.,182736,31
https://www.omanobserver.om/astrazeneca-suspends-vaccine-trials-after-participants-illness/,185.64.26.110,AS201684,Oman Data Park LLC,218838,4
http://newsmobile.in/articles/2020/09/09/astrazeneca-puts-covid-19-vaccine-trials-on-hold-after-unexpected-illness-in-volunteer/,104.27.129.86,AS13335,CLOUDFLARENET,18959953,1024
https://www.covid19infos.info/post/astrazeneca-s-vaccine-trial-is-put-on-hold,185.230.60.177,AS58182,Wix.com Ltd.,45580572,404
https://magnesianews.gr/ellada/sypsas-kalo-neo-i-anastoli-ton-dokimon-toy-emvolioy-tis-astrazeneca.html,104.31.93.101,AS13335,CLOUDFLARENET,3724396,1081
https://magnesianews.gr/perissotera/kosmos/parathyro-epanenarxis-ton-dokimon-apo-tin-astrazeneca-ti-lene-poy-e-e-kai-faoytsi.html,104.31.93.101,AS13335,CLOUDFLARENET,3724396,1081
https://www.ilriformista.it/coronavirus-sospesi-i-test-sul-vaccino-di-astrazeneca-oxford-reazione-anomala-154263/?refresh_ce,93.95.216.91,AS52030,Server Plan S.r.l.,10900,2
https://www.uttaranchaltoday.com/2020/09/09/astrazeneca-pauses-covid-19-vaccine-trial/,104.28.0.185,AS13335,CLOUDFLARENET,6283553,934
https://wtxnews.com/2020/09/09/gatherings-more-6-people-banned-england/,192.0.78.133,AS2635,AUTOMATTIC,2410142,3178
https://www.redetv.uol.com.br/jornalismo/cidades/covid-19-astrazeneca-informa-brasil-que-suspendeu-testes-de-vacina,187.18.60.216,AS21911,UOL DIVEO S.A.,758238,1
http://ame-web.org/index.php/122-2020/1318-astrazeneca-pone-en-suspenso-el-principal-ensayo-de-la-vacuna-covid-19-por-motivos-de-seguridad,91.146.96.123,AS198066,"Grupo Loading Systems, S.L.",1318727,341
https://naszapolska.pl/2020/09/09/koncern-farmaceutyczny-wstrzymal-testy-szczepionki-na-covid-19-po-groznym-nop-ie/,85.128.185.44,AS15967,Nazwa.pl Sp.z.o.o.,18506,7
https://trsondakika.com/astrazeneca-ve-oxford-universitesinin-asi-calismalari-durduruldu-son-dakika-haberleri/,104.27.186.113,AS13335,CLOUDFLARENET,2004629,1096
https://consensodelmercado.com/component/k2/el-dinero-busca-refugio-en-el-deuda-publica-y-el-dolar,217.160.0.237,AS8560,1&1 Ionos Se,1697685,1600
https://consensodelmercado.com/bolsas-internacionales/astrazeneca-suspende-temporalmente-los-ensayos-fase-iii-de-su-vacuna-contra-el-covid-19-al-enfermar-un-participante,217.160.0.237,AS8560,1&1 Ionos Se,1697685,1600
https://consensodelmercado.com/bolsas-internacionales/astrazeneca-ignora-cuanto-tiempo-durara-la-pausa-en-la-investigacion-de-la-vacuna,217.160.0.237,AS8560,1&1 Ionos Se,1697685,1600
https://www.leparisien.fr/societe/covid-19-astrazeneca-fait-une-pause-dans-les-essais-cliniques-de-son-vaccin-09-09-2020-8381097.php,96.17.11.160,AS20940,Akamai International B.V.,188816,18
https://www.mulastar.com/2020/09/aliyefanyiwa-jaribio-la-chanjo-ya.html,172.217.214.121,AS15169,GOOGLE,31563,13
https://www.upatadigital.com.ve/2020/09/farmaceutica-astrazeneca-suspende.html,172.217.214.121,AS15169,GOOGLE,31563,13
https://www.viportal.co/business/astrazeneca-vaccine-tests-face-delay-after-patient-gets-ill/?utm_source=dlvr.it&utm_medium=twitter,209.250.225.52,AS20473,AS-CHOOPA,67615,13
https://www.viportal.co/business/covid-vaccine-serum-institute-says-india-trials-will-continue-after-partner-astrazeneca-halts-trials-in-uk/?utm_source=dlvr.it&utm_medium=twitter,209.250.225.52,AS20473,AS-CHOOPA,67615,13
https://www.viportal.co/love/as-astrazeneca-pauses-covid-19-vaccine-trial-over-serious-adverse-reaction-expert-says-the-system-is-working-as-designed/?utm_source=dlvr.it&utm_medium=twitter,209.250.225.52,AS20473,AS-CHOOPA,67615,13
https://www.viportal.co/business/coronavirus-chicago-astrazeneca-covid-19-vaccine-study-paused-worldwide-after-patient-reports-serious-side-effects-wls-tv/?utm_source=dlvr.it&utm_medium=twitter,209.250.225.52,AS20473,AS-CHOOPA,67615,13
https://www.elcorreogallego.es/primer-plano/astrazeneca-detiene-el-ensayo-de-su-vacuna-contra-el-covid-19-por-la-aparicion-de-una-enfermedad-inexplicable-CB4517271,130.61.65.140,AS31898,ORACLE-BMC-31898,56455,6
https://www.clinica-aeromedica.net/ambiente/covid-19-expertos-contra-el-panico/,185.101.226.18,AS56732,Hostinet S.l.u.,5235,70
https://www.amna.gr/home/article/486146/POY-koronoios-I-asfaleia-enos-pithanou-emboliou-apotelei-upsisti-proteraiotita%20https:/www.pscp.tv/w/1OwxWLWpnBpKQ,23.48.94.123,AS20940,Akamai International B.V.,5231990,7
https://archive.st/archive/2020/9/www.ansa.it/efte/www.ansa.it/sito/notizie/mondo/2020/09/09/astrazenecastop-temporaneo-test-vaccino_e14c1f00-5caf-4a4c-91ea-77ada54d2a1a.html,34.83.201.255,AS15169,GOOGLE,18193,1
https://archive.st/archive/2020/9/scienze.fanpage.it/lsvr/scienze.fanpage.it/bill-gates-finanzia-la-produzione-del-vaccino-anti-coronavirus-di-oxford-presto-2-miliardi-di-dosi/index.html,34.83.201.255,AS15169,GOOGLE,18193,1
https://lobservateur.info/vaccins-anti-covid-19-astrazeneca-jette-leponge-et-spoutnik-v-serait-pret-video/,104.18.49.17,AS13335,CLOUDFLARENET,3142447,1034
https://prismaradio.gr/2020/09/09/astrazeneca-kalo-neo-i-anastoli-dokimon-toy-emvolioy-gia-ton-koronoio-ypostirizei-o-sypsas/,78.46.67.48,AS24940,Hetzner Online GmbH,620,4
https://prismaradio.gr/2020/09/09/astrazeneca-koronoios-emvolio-i-anastoli-dokimon-den-simainei-mataiosi-ereynon/,78.46.67.48,AS24940,Hetzner Online GmbH,620,4
https://prismaradio.gr/2020/09/09/astrazeneca-se-liges-meres-tha-gnorizoyme-an-i-diakopi-ton-dokimon-toy-emvolioy-einai-simantiki-ektima-o-ilias-mosialos/,78.46.67.48,AS24940,Hetzner Online GmbH,620,4
https://prismaradio.gr/2020/09/10/astrazeneca-poso-tha-diarkesei-i-anastoli-ton-dokimon-toy-emvolioy-kata-toy-koronoioy/,78.46.67.48,AS24940,Hetzner Online GmbH,620,4
https://www.hamaika.eus/tb/bideo/92171,87.106.192.209,AS8560,1&1 Ionos Se,14588,10
https://www.lamontagne.fr/paris-75000/actualites/auchan-va-supprimer-1-475-postes-astrazeneca-suspend-les-essais-de-son-vaccin-les-5-infos-du-midi-pile_13834409/,212.95.74.7,AS8839,SdV-Plurimedia,7039828,22
https://everethnews.pl/newsy/wstrzymano-testy-kliniczne-jednej-ze-szczepionek-na-koronawirusa-przyczyna-efekty-uboczne/,109.95.158.107,AS48896,dhosting.pl Sp. z o.o.,1863415,1910
https://quote.rbc.ru/news/article/5f589dbc9a7947539cc10f89,185.72.229.10,AS20848,Rosbusinessconsulting Jsc,59650139,1
http://www.radiovillamaria.com/vivo.html,200.58.111.73,AS27823,Dattatec.com,235598,1032
https://radiovillamaria.com.ar/astrazeneca-paus%E2%80%A6ntra-el-covid-19/%20%E2%80%8E,200.58.111.73,AS27823,Dattatec.com,235598,1032
https://www.coronavirusgripe.com/articulo/noticias/vacuna-oxford-coronavirus-vacuna-astrazeneca-fallida/20200909093219005136.html,172.67.74.40,AS13335,CLOUDFLARENET,4121441,110
https://www.coronavirusgripe.com/articulo/noticias/alternativas-vacuna-oxford-astrazeneca-covid/20200909095001005140.html,104.26.15.182,AS13335,CLOUDFLARENET,5150250,111
https://www.gazeta.ru/social/news/2020/09/09/n_14915030.shtml,81.19.72.4,AS24638,Rambler Internet Holding LLC,11913546,24
http://www.israel-nachrichten.org/archive/48490,162.210.96.127,AS32748,STEADFAST,1934086,843
https://newssummedup.com/a/lyez0y,101.53.139.18,AS17439,Netmagic Datacenter Mumbai,81590,5
https://scrip.pharmaintelligence.informa.com/SC142932/AstraZenecas-COVID-Vaccine-On-Hold-A-Reminder-Drug-Development-Is-Never-Straightforward,104.16.255.107,AS13335,CLOUDFLARENET,1873749,1
https://pink.pharmaintelligence.informa.com/PS142876/AstraZenecas-COVID19-Vaccine-On-Hold-A-Reminder-Product-Development-Is-Never-Straightforward,104.16.255.107,AS13335,CLOUDFLARENET,1873749,1
https://covid19vaccinetrial.co.uk/,54.72.30.238,AS16509,AMAZON-02,18360,5
https://www.elciudadanoweb.com/coronavirus-el-laboratorio-astrazeneca-freno-las-pruebas-de-la-vacuna-por-posibles-efectos-adversos/,104.26.15.14,AS13335,CLOUDFLARENET,5520919,80
https://canal7salta.com/2020/09/09/argentina-astrazeneca-detiene-pruebas-de-su-vacuna-contra-el-covid-19/,45.132.243.27,AS47583,Hostinger International Limited,3071,1
https://canal7salta.com/2020/09/10/argentina-la-vacuna-podria-estar-para-fin-de-ano-o-principios-del-2021-dijo-astrazeneca/,45.132.243.27,AS47583,Hostinger International Limited,3071,1
http://tcpros.co/3U8EQ%20https:/www.cnn.com/videos/health/2020/09/09/astrazeneca-coronavirus-vaccine-trial-pause-gupta-newday-vpx.cnn,142.93.186.99,AS14061,DIGITALOCEAN-ASN,171786,8
https://www.streetinsider.com/FDA/AstraZeneca+(AZN)+vaccine+setback+removes+a+near-term+competitor+from+the+race+-+BMO/17337476.html,192.225.209.8,AS62660,WHISKEYNET,103151281,107
http://bit.ly/2GKsKMj@aimeedonnellan,67.199.248.10,AS396982,GOOGLE-PRIVATE-CLOUD,102040161,4
https://versionfinal.com.ve/mundo/astrazeneca-detiene-ensayos-de-su-vacuna-contra-covid-19-por-reaccion-adversa-en-un-voluntario/,104.26.0.77,AS13335,CLOUDFLARENET,4222192,97
https://radiorbc.com/astrazeneca-pausa-ensayo-de-vacuna-contra-el-coronavirus-por-una-enfermedad-potencialmente-inexplicable/,170.249.203.197,AS63410,PRIVATESYSTEMS,14257,51
https://www.elnuevodia.com/ciencia-ambiente/otros/notas/astrazeneca-detiene-pruebas-de-vacuna-contra-covid-19-debido-a-enfermedad-de-un-paciente/,104.16.157.99,AS13335,CLOUDFLARENET,4247157,2
https://puntodecorte.com/conozca-la-razon-por-la-que-astrazeneca-interrumpio-ensayos-de-la-vacuna-contra-covid-19/,45.60.22.85,AS19551,INCAPSULA,912189,78
http://www.destakjornal.com.br/mundo/ag%C3%AAncia-inglesa-diz-que-revisar%C3%A1-testes-da-astrazeneca-1.4362,167.172.128.194,AS14061,DIGITALOCEAN-ASN,16463,1
https://www.jornalcotidiano.com.br/noticia/699/agncia-inglesa-diz-que-revisar-testes-da-astrazeneca-para-covid-19,172.67.154.32,AS13335,CLOUDFLARENET,1384815,1102
https://www.uol.com.br/vivabem/noticias/redacao/2020/09/08/fiocruz-diz-que-estudo-atrasara-apos-reacao-adversa-de-vacina.htm?cmpid=copiaecola,13.249.130.123,AS16509,AMAZON-02,989592,702
https://magnesianews.gr/perissotera/kosmos/ti-epathe-o-ethelontis-poy-ekane-to-peiramatiko-emvolio-tis-astrazeneca.html,104.31.92.101,AS13335,CLOUDFLARENET,3724265,1081
https://magnesianews.gr/perissotera/kosmos/koronoios-emvolio-poy-vriskomaste-stin-pagkosmia-ereyna-meta-to-pagoma-tis-astrazeneca.html,104.31.92.101,AS13335,CLOUDFLARENET,3724265,1081
https://peru21.pe/mundo/coronavirus-vacuna-covid-19-de-astrazeneca-y-oxford-estados-unidos-anthony-fauci-dice-que-pausa-en-ensayos-es-desafortunada-pero-puede-suceder-usa-nndc-noticia/,104.76.198.176,AS20940,Akamai International B.V.,287841,37
https://www.gsnoticias.com/astrazeneca-frena-temporalmente-los-ensayos-de-su-vacuna-contra-la-covid-19/,160.153.177.82,AS21501,Host Europe GmbH,2067,2
https://yesilgazete.org/blog/2020/09/09/astrazeneca-ve-oxford-universitesi-covid-19-asisinin-klinik-deneyleri-durdurdu/,172.67.165.147,AS13335,CLOUDFLARENET,1892291,1046
https://versionfinal.com.ve/mundo/astrazeneca-interrumpe-ensayos-de-vacuna-contra-el-covid-19/,104.26.1.77,AS13335,CLOUDFLARENET,4222196,97
https://www.id-hub.com/2020/09/09/astrazeneca-vaccine-trial-halted/?utm_campaign=Infectious%20Diseases%20Hub&utm_content=139504317&utm_medium=social&utm_source=twitter&hss_channel=tw-792029764525711360,172.67.71.84,AS13335,CLOUDFLARENET,8127562,71
http://www.ecuadorenvivo.com/internacional/37-/128303-vacuna-de-astrazeneca-y-oxford-contra-la-covid-19-ponen-en-pausa-rutinaria-las-pruebas-por-un-caso-de-reaccion-adversa-bbc-mundo-de-londres.html,181.39.8.194,AS27947,Telconet S.A,1920515,2
https://dikaioma.gr/koronoios-diakopikan-i-dokimes-tou-emvoliou-tis-oxfordis-anexigiti-asthenia-se-ethelonti-lei-i-astrazeneca/,213.133.102.74,AS24940,Hetzner Online GmbH,5546,5
https://dikaioma.gr/koronoios-ti-epathe-o-ethelontis-pou-ekane-to-piramatiko-emvolio-tis-astrazeneca/,213.133.102.74,AS24940,Hetzner Online GmbH,5546,5
https://www.band.uol.com.br/noticias/suspens%C3%A3o-dos-estudos-deve-atrasar-vacina-AstraZeneca-Oxford-afirma-pesquisadora-16309945,200.147.4.47,AS7162,Universo Online S.A.,17183728,1
https://www.elsoldechilpancingo.mx/2020/09/09/astra-zeneca-suspende-ensayos-de-su-vacuna-contra-el-covid-19/,104.31.75.68,AS13335,CLOUDFLARENET,3539891,1064
http://dld.bz/-tws%20http:/www.bbc.com/mundo/noticias-54090519,54.164.168.166,AS14618,AMAZON-AES,3961,3
https://api.whatsapp.com/,157.240.2.53,AS32934,FACEBOOK,11782411,4
https://www.elinformador.com.co/index.php/general/163-internacional/240067-astrazeneca-interrumpe-ensayos-de-vacuna-contra-la-covid-19-por-seguridad,104.24.98.82,AS13335,CLOUDFLARENET,5033990,1103
https://wiod.iheart.com/content/2020-09-09-astrazeneca-coronavirus-vaccine-trial-on-hold-after-unexpected-illness/,199.232.210.193,AS54113,FASTLY,35639171,1
https://www.ln24.be/2020-09-09/mauvaise-nouvelle-sur-le-front-du-vaccin-contre-le-covid-19,104.26.3.137,AS13335,CLOUDFLARENET,5548349,103
http://www.en-vivo.mx/2020/09/09/astrazeneca-interrumpe-los-ensayos-de-su-vacuna-tras-la-reaccion-adversa-de-un-participante/,23.229.130.193,AS26496,AS-26496-GO-DADDY-COM-LLC,141989,23
https://lobservateur.info/us-round-up-du-mercredi-9-septembre-big-pharma-jumbo-jet-tom-cruise-astrazeneca-papa-maman/,172.67.137.89,AS13335,CLOUDFLARENET,1211759,1033
https://www.annurtv.com/nota/59482,104.31.79.126,AS13335,CLOUDFLARENET,4186617,1035
https://radiocolosal.com/2020/09/09/astrazeneca-y-oxford-interrumpen-los-ensayos-de-su-vacuna-contra-la-covid-19-al-enfermar-uno-de-los-voluntarios/,5.135.93.74,AS16276,OVH SAS,1229965,500
https://www.vtv.gob.ve/astrazeneca-oxford-suspenden-vacunaciones-contra-covid19/,201.249.134.84,AS8048,"CANTV Servicios, Venezuela",134628,1
https://act.webull.com/kol-us/share.html?inviteCode=xhqtVXlWzqZr&source=main,13.226.18.62,AS16509,AMAZON-02,4615189,1862
https://www.nytimes.com/reuters/2020/09/08/world/europe/08reuters-health-coronavirus-astrazeneca.html,151.101.129.164,AS54113,FASTLY,272398164,124
https://www.heraldlive.co.za/news/2020-09-09-oxford-puts-leading-covid-19-vaccine-trial-on-hold-over-safety-concern/?utm_medium=Social&utm_source=Twitter,108.177.111.121,AS15169,GOOGLE,417366,25
https://notimundo.com.mx/internacional/que-si-y-que-no-puede-detener-los-ensayos-de-una-vacuna/,162.241.49.91,AS46606,UNIFIEDLAYER-AS-1,6595,1
https://universalhealth2030.org/2020/09/09/astrazeneca-puts-vaccine-trial-on-hold-after-participant-falls-ill/,81.19.215.11,AS25369,Hydra Communications Ltd,267344,659
http://www.ciudadelatacungaonline.com/index.php/component/k2/item/4733-astrazeneca-interrumpe-ensayos-de-vacuna-por-enfermedad-adversa-de-un-participante,198.54.115.36,AS22612,NAMECHEAP-NET,1872542,715
http://www.detaykibris.com/oxford-ve-astrazenecanin-covid-19-asi-calismalari-askiya-alindi-229725h.htm?utm_source=dlvr.it&utm_medium=twitter,185.135.220.103,AS42926,Radore Veri Merkezi Hizmetleri A.S.,264379,1
https://regeneracion.mx/la-seguridad-es-pilar-en-la-busqueda-de-la-vacuna-oms-sobre-pausa-de-astrazeneca/,104.27.186.121,AS13335,CLOUDFLARENET,7394345,1019
https://www.amna.gr/health/article/486200/Covid-19---Embolio-Entos-oligon-imeron-i-apofasi-gia-to-programma-dokimon-tou-emboliou-tis-AstraZeneca,23.48.94.121,AS20940,Akamai International B.V.,4302461,4
https://www.amna.gr/home/article/486524/Koronoios-I-AstraZeneca-tha-gnorizei-an-to-embolio-tis-einai-apotelesmatiko-os-to-telos-tou-etous,23.48.94.121,AS20940,Akamai International B.V.,4302461,4
https://www.lostiempos.com/actualidad/mundo/20200909/candidata-vacuna-astrazeneca-sufre-reves,45.79.163.254,AS63949,"Linode, LLC",1617918,2
https://oscarmariobeteta.com/entrevista-con-el-mtro-mikel-arriola-9-septiembre-2020/,104.26.15.170,AS13335,CLOUDFLARENET,9129887,119
https://seekingalpha.com/news/3612712-patient-diagnosis-in-covidminus-19-vaccine-trial-still-pending-says-astrazeneca,151.101.66.2,AS54113,FASTLY,540352955,10
https://www.canalantigua.tv/paciente-en-ensayo-de-astrazeneca-desarrollo-problema-de-medula-espinal/,172.67.136.249,AS13335,CLOUDFLARENET,2741865,1106
https://www.radio.com/kcbsradio/articles/radiocom/astrazeneca-puts-covid-vaccine-testing-on-hold,199.232.194.49,AS54113,FASTLY,12102175,2
https://imefi.tv/general/para-tu-marca-tu-marcas-la-diferencia/,65.99.225.132,AS36024,AS-TIERP-36024,16494,112
https://imefi.tv/general/paga-con-tarjeta-tus-viajes-en-taxi/,65.99.225.132,AS36024,AS-TIERP-36024,16494,112
https://www.annurtv.com/nota/59482-salud-astrazeneca-detiene-pruebas-de-fase-3-de-vacuna-contra-covid-19.html,172.67.195.167,AS13335,CLOUDFLARENET,2768130,1022
https://bityl.co/html/Hacker.html,151.101.1.195,AS54113,FASTLY,2353159,825
https://www.elidealgallego.com/articulo/espana/astrazeneca-interrumpe-ensayos-vacuna-coronavirus/20200910011339444879.html,104.24.188.2,AS13335,CLOUDFLARENET,41593,6
https://www.correiodopovo.com.br/not%C3%ADcias/geral/minist%C3%A9rio-da-sa%C3%BAde-diz-que-contrato-com-a-astrazeneca-n%C3%A3o-sofrer%C3%A1-altera%C3%A7%C3%A3o-1.478086,179.191.185.5,AS52580,Azion Technologies Ltda.,3350982,14
https://miamidiario.com/atencion-astrazeneca-suspendio-pruebas-de-vacuna-contra-covid-19/,172.64.109.25,AS13335,CLOUDFLARENET,754702,93
http://mxpolitico.com/internacional/politica/ensayo-vacuna-covid-19-astrazeneca-continua-india-pesar-enfermedad,67.205.134.216,AS14061,DIGITALOCEAN-ASN,30449,36
https://www.upatadigital.com.ve/2020/09/farmaceutica-astrazeneca-suspende.html?utm_source=dlvr.it&utm_medium=twitter,172.217.212.121,AS15169,GOOGLE,40694,16
https://www.dw.com/es/astrazeneca-pausa-los-ensayos-cl%C3%ADnicos-de-su-vacuna-deber%C3%ADamos-preocuparnos/a-54869245,23.62.103.151,AS16625,AKAMAI-AS,115713,2
https://hombresdelpoder.com/noticia.php?id=65071,216.246.112.106,AS23352,SERVERCENTRAL,254883,574
https://cutt.ly/MfR4L0V%20https:/cutt.ly/bfR4ClY,104.22.1.232,AS13335,CLOUDFLARENET,3690445,20
https://kion546.com/health/2020/09/09/astrazeneca-pauses-coronavirus-vaccine-trial-after-unexplained-illness-in-volunteer/,23.185.0.4,AS54113,FASTLY,1225934,488
https://2001online.com/coronavirus-al-dia/236812/astrazeneca-interrumpe-ensayos-de-vacuna-contra-la-covid-19-por-seguridad.html,172.67.128.21,AS13335,CLOUDFLARENET,3391891,1049
https://2001online.com/coronavirus-al-dia/236944/-astrazeneca-preve-conocer-la-eficacia-de-su-vacuna-a-fin-de-ano-si-se-reanudan-ensayos.html,172.67.128.21,AS13335,CLOUDFLARENET,3391891,1049
https://www.biopharma-reporter.com/Article/2020/09/09/AstraZeneca-pauses-COVID-19-vaccine-trials-to-allow-review-of-safety-data?utm_source=dlvr.it&utm_medium=twitter&utm_campaign=RSS,35.190.48.180,AS15169,GOOGLE,9511749,73
http://livingpgh.com/news/astrazeneca-coronavirus-vaccine-testing-on-hold?uid=38392,107.180.50.182,AS26496,AS-26496-GO-DADDY-COM-LLC,3484831,1299
https://www.amna.gr/home/article/486423/-I-anastoli-dokimon-tou-emboliou-tis-AstraZeneca-enischuse-tis-amfibolies-gia-grigori-diathesi-tou,184.25.123.204,AS20940,Akamai International B.V.,13503,4
https://linktr.ee/smartmedia%20https:/gigazine.net/news/20200909-astrazeneca-covid-19-vaccine-trial-pause/,151.101.194.133,AS54113,FASTLY,504698434,1807
https://linktr.ee/smartmedia%20https:/gigazine.net/news/20200910-astrazeneca-covid19-vaccine-neurological-symptoms/,151.101.2.133,AS54113,FASTLY,38144627,864
https://reduce-weight.in/astrazeneca-paused-its-covid-19-vaccine-trial-to-perform-a-safety-review-thats-not-bad-news/,47.75.157.143,AS45102,"Alibaba (US) Technology Co., Ltd.",1548,2
https://reduce-weight.in/why-the-astrazeneca-trial-for-a-coronavaccine-was-put-on-hold/,47.75.157.143,AS45102,"Alibaba (US) Technology Co., Ltd.",1548,2
https://www.humanite.fr/covid-19-essai-clinique-en-berne-693416,45.60.150.89,AS19551,INCAPSULA,68381,1
https://prensaldia.com/contenido/3583/covid-la-suspension-del-ensayo-de-la-vacuna-de-astrazeneca-es-un-sintoma-de-segu,104.27.139.112,AS13335,CLOUDFLARENET,14012267,1057
https://www.id-hub.com/2020/09/09/astrazeneca-vaccine-trial-halted/?utm_campaign=Neuro%20Central&utm_content=139568134&utm_medium=social&utm_source=twitter&hss_channel=tw-3092338265,104.26.14.212,AS13335,CLOUDFLARENET,16607741,72
https://www.toscanaoggi.it/Italia/Stop-temporaneo-a-sperimentazione-vaccino-Astrazeneca-Cauda-Gemelli-fa-parte-delle-regole-del-gioco-e-dimostra-serieta-nei-controlli-e-impegno-per-efficacia-e-sicurezza,185.127.239.28,AS203612,Ids & Unitelm Srl,35625,4
https://www.coronavirusgripe.com/articulo/coronavirus/cancelan-vacuna-oxford-astrazeneca-coronavirus/20200909105458005142.html,104.26.14.182,AS13335,CLOUDFLARENET,5150254,111
http://www.migueljara.com/2020/09/10/el-fracaso-esperado-de-la-vacuna-para-la-covid-19-de-astrazeneca-y-oxford/,94.23.84.41,AS16276,OVH SAS,3282680,765
https://www.cbs17.com/community/health/coronavirus/astrazeneca-has-paused-covid-19-vaccine-trial-twice/0/,192.0.66.120,AS2635,AUTOMATTIC,79944076,140
https://classepolitica.com.br/2020/09/10/ministerio-da-saude-diz-que-contrato-com-astrazeneca-nao-sera-alterado/,107.161.183.42,AS33182,DIMENOC,486893,162
https://www.atb.com.bo/internacional/por-qu%C3%A9-la-suspensi%C3%B3n-de-las-pruebas-de-la-vacuna-de-astrazeneca-no-es-una-mala-noticia,23.254.144.144,AS54290,HOSTWINDS,43023,1
https://www.euro2day.gr/news/world/article/2041017/telos-toy-hronoy-tha-xeroyme-gia-to-emvolio-leei-h.html,104.26.14.80,AS13335,CLOUDFLARENET,10490892,61
https://pharmaphorum.com/news/gsk-steals-march-on-az-after-triple-therapy-trelegy-us-asthma-approval/,134.213.252.48,AS15395,Rackspace Ltd.,457412,3
https://enewsinsight.com/serum-pauses-india-trials-of-covid-vaccine/,104.27.138.173,AS13335,CLOUDFLARENET,6024320,1099
http://newsmobile.in/articles/2021/01/13/covid-19-vaccine-live-updates-first-consignment-of-bharat-biotechs-covaxin-arrives-in-delhi/,172.67.204.132,AS13335,CLOUDFLARENET,7328409,1024
https://www.imfarmacias.es/noticia/21519/astrazeneca-y-oxford-paralizan-el-ensayo-de-su-vacuna-contra-el-coronavirus---.html?sus=Email&utm_source=news_2020-09-10&utm_medium=IMFarmacias&utm_campaign=productos-farmacia,81.46.217.211,AS16371,"acens Technologies, S.L.",45651,5
https://dangercovid-19.com/inquiry-begins-into-astrazenecas-vaccine-trial/,104.27.140.57,AS13335,CLOUDFLARENET,4473190,1058
https://www.kannadaprabha.com/nation/2020/sep/10/serum-institute-to-pause-vaccine-trials-in-india-after-drug-controllers-notice-427816.html,13.226.18.36,AS16509,AMAZON-02,3115071,1956
https://circuitoglobal.com/2020/09/10/astrazeneca-preve-conocer-la-eficacia-de-su-vacuna-a-fin-de-ano-si-se-reanudan-ensayos/,51.89.48.112,AS16276,OVH SAS,168133,799
https://www.correiodopovo.com.br/not%C3%ADcias/geral/vacina-ainda-%C3%A9-poss%C3%ADvel-este-ano-apesar-da-interrup%C3%A7%C3%A3o-dos-testes-afirma-astrazeneca-1.478260,179.191.189.19,AS52580,Azion Technologies Ltda.,4313411,13
https://peru21.pe/ciencia/vacuna-contra-el-covid-astrazeneca-dice-que-vacuna-es-aun-posible-este-ano-pese-a-pausa-en-ensayos-coronavirus-pascal-soriot-universidad-de-oxford-nndc-noticia/,104.76.198.201,AS20940,Akamai International B.V.,392261,46
https://www.xeu.mx/nota.cfm?id=1120485&t=vacuna-covid19-estaria-lista-a-finales-de-ano-pese-a-suspension-de-ensayos-astrazeneca,66.201.69.100,AS7393,CYBERCON,146668,2
https://www.elciudadanoweb.com/astrazeneca-sobre-la-vacuna-puede-estar-para-fin-de-ano-o-principios-del-2021/,104.26.14.14,AS13335,CLOUDFLARENET,5520922,80
https://peoplesdaily.pdnews.cn/world/vaccine-still-possible-this-year-despite-trial-pause-astrazeneca-175146.html,47.88.5.89,AS45102,"Alibaba (US) Technology Co., Ltd.",5388,1
https://bildblog.de/123954/bild-schlaegt-impf-alarm/,104.18.41.18,AS13335,CLOUDFLARENET,19524226,1042
https://www.fuentesfidedignas.com.mx/portal2018/index.php/nota-principal-1/16219-insiste-astrazeneca-vacuna-contra-covid-19-a-final-de-ano,74.208.98.234,AS8560,1&1 Ionos Se,93581,2
https://eldiariodecoahuila.com.mx/2020/09/10/indiasuspenden-pruebas-con-vacuna-astrazeneca-contra-covid/,68.66.232.174,AS55293,A2HOSTING,46999,2
https://www.iatronet.gr/eidiseis-nea/epistimi-zwi/news/57531/astrazeneca-gia-emvolio-kata-sars-cov-2-synithis-energeia-oi-anastoles-dokimwn.html,104.26.10.161,AS13335,CLOUDFLARENET,632110,41
http://www.homelandnewsng.com/other-news/16337-covid-19-vaccine-still-possible-year-despite-trial-pause-%E2%80%93-astrazeneca,184.154.119.130,AS32475,SINGLEHOP-LLC,3319529,1087
http://purmamarcadiariodigital.com.ar/contenido/2991/aseguran-que-la-vacuna-de-astrazeneca-puede-estar-para-fin-de-ano?platform=hootsuite,104.27.157.210,AS13335,CLOUDFLARENET,13749864,1074
